date,equity,equity_normalized,equity_change_pct
2020-01-01,100000.0,100.0,0.0
2020-01-02,100360.11572,100.36011572000001,0.36011572000000935
2020-01-03,99833.6337,99.83363370000001,-0.1663662999999982
2020-01-06,99754.92696,99.75492696,-0.24507303999999897
2020-01-07,100013.77268,100.01377268,0.013772680000001536
2020-01-08,100119.21514,100.11921514,0.11921513999999522
2020-01-09,100367.90144,100.36790144000001,0.3679014400000069
2020-01-10,99982.10968,99.98210968,-0.017890320000002458
2020-01-13,100520.12136,100.52012136000002,0.5201213600000143
2020-01-14,100975.6946,100.9756946,0.9756945999999989
2020-01-15,101092.98668,101.09298668,1.0929866799999965
2020-01-16,101583.11818,101.58311818000001,1.5831181800000094
2020-01-17,101872.83906,101.87283906,1.8728390599999978
2020-01-20,101867.32966,101.86732966000001,1.8673296600000056
2020-01-21,101634.55856,101.63455856000002,1.63455856000001
2020-01-22,101487.92864,101.48792864,1.4879286400000025
2020-01-23,102038.19082,102.03819082000001,2.0381908200000076
2020-01-24,101393.81666,101.39381666,1.3938166600000024
2020-01-27,100011.45812,100.01145811999999,0.01145811999998525
2020-01-28,100636.6223,100.63662230000001,0.6366223000000115
2020-01-29,100462.00362,100.46200361999999,0.4620036199999955
2020-01-30,100483.74192,100.48374192,0.4837419200000026
2020-01-31,99109.7995,99.1097995,-0.8902005000000046
2020-02-03,99652.21178,99.65221178,-0.3477882200000004
2020-02-04,100564.54781999999,100.56454782,0.5645478199999943
2020-02-05,101685.55408,101.68555408,1.6855540799999957
2020-02-06,102279.04346,102.27904346000001,2.2790434600000076
2020-02-07,101547.85828,101.54785827999999,1.5478582799999918
2020-02-10,101880.61218,101.88061218,1.8806121799999964
2020-02-11,102152.64216,102.15264216,2.1526421599999956
2020-02-12,102685.27614,102.68527614,2.6852761400000036
2020-02-13,102405.44726,102.40544726,2.4054472600000043
2020-02-14,102128.71876,102.12871876,2.1287187600000035
2020-02-17,102134.96756,102.13496756,2.1349675600000007
2020-02-18,102023.14977999999,102.02314978,2.02314978
2020-02-19,102556.31172,102.55631172,2.556311719999993
2020-02-20,102390.96232,102.39096232,2.3909623200000008
2020-02-21,101736.77956,101.73677956,1.7367795600000013
2020-02-24,99322.6571,99.3226571,-0.6773428999999997
2020-02-25,96836.81008,96.83681007999999,-3.163189920000009
2020-02-26,96146.00626,96.14600626,-3.8539937400000057
2020-02-27,92826.05384,92.82605383999999,-7.1739461600000105
2020-02-28,91670.96364,91.67096364,-8.329036359999996
2020-03-02,94307.1779,94.3071779,-5.692822100000006
2020-03-03,92580.91382,92.58091382,-7.419086180000001
2020-03-04,95434.06743,95.43406742999998,-4.565932570000008
2020-03-05,92997.26099,92.99726099,-7.002739010000003
2020-03-06,91571.82316,91.57182316,-8.42817684
2020-03-09,85365.29806,85.36529806,-14.634701939999994
2020-03-10,87976.66123,87.97666122999999,-12.023338770000002
2020-03-11,84141.55841,84.14155840999999,-15.858441590000005
2020-03-12,76903.79568,76.90379568,-23.096204320000002
2020-03-13,81497.35033,81.49735032999999,-18.502649670000004
2020-03-16,74843.97727,74.84397727000001,-25.156022729999993
2020-03-17,78152.74061,78.15274061,-21.847259390000005
2020-03-18,74070.75019,74.07075019,-25.929249809999998
2020-03-19,74234.17694,74.23417694000001,-25.765823059999992
2020-03-20,71507.5954,71.5075954,-28.4924046
2020-03-23,70028.24243,70.02824242999999,-29.97175757
2020-03-24,75509.603,75.509603,-24.490396999999998
2020-03-25,76808.24195,76.80824195,-23.19175805
2020-03-26,80126.63064,80.12663064,-19.87336935999999
2020-03-27,77884.10748,77.88410748000001,-22.115892519999992
2020-03-30,79238.37911,79.23837911,-20.76162089000001
2020-03-31,78309.01049,78.30901048999999,-21.69098951
2020-04-01,75556.07653,75.55607653,-24.443923469999994
2020-04-02,76445.49756999999,76.44549756999999,-23.554502430000014
2020-04-03,75079.6563,75.0796563,-24.920343700000004
2020-04-06,79753.48842,79.75348842,-20.246511580000004
2020-04-07,80393.58902,80.39358902000001,-19.60641098
2020-04-08,83119.8739,83.1198739,-16.88012609999999
2020-04-09,85103.46811,85.10346811000001,-14.896531889999999
2020-04-10,85103.46811,85.10346811000001,-14.896531889999999
2020-04-13,84120.57525,84.12057525,-15.879424750000004
2020-04-14,85563.97979,85.56397979,-14.43602021
2020-04-15,83004.07121,83.00407120999999,-16.995928790000004
2020-04-16,82843.77577,82.84377577,-17.156224230000007
2020-04-17,85282.78373,85.28278373,-14.71721627
2020-04-20,83710.68807999999,83.71068808,-16.289311920000003
2020-04-21,81794.01017,81.79401016999999,-18.205989830000004
2020-04-22,83262.05414,83.26205414,-16.737945860000004
2020-04-23,83710.17973,83.71017973000001,-16.28982027
2020-04-24,84512.30318,84.51230318,-15.487696819999996
2020-04-27,85955.25418,85.95525418000001,-14.044745819999992
2020-04-28,86932.04283,86.93204283,-13.06795717
2020-04-29,89378.25858,89.37825858,-10.621741420000008
2020-04-30,87450.69668,87.45069668,-12.549303320000005
2020-05-01,84719.12943,84.71912943000001,-15.280870569999994
2020-05-04,84664.41759,84.66441759,-15.335582410000004
2020-05-05,84985.13167,84.98513167,-15.014868329999997
2020-05-06,84172.27561,84.17227561,-15.827724389999997
2020-05-07,85092.56485,85.09256485,-14.907435150000003
2020-05-08,87002.67066999999,87.00267066999999,-12.997329330000007
2020-05-11,86031.44187,86.03144187,-13.968558130000009
2020-05-12,84541.01649,84.54101649,-15.458983510000001
2020-05-13,82653.50055,82.65350054999999,-17.346499450000007
2020-05-14,83371.09489,83.37109489,-16.62890511
2020-05-15,83293.42085,83.29342085,-16.70657915
2020-05-18,86611.50691,86.61150690999999,-13.388493090000008
2020-05-19,85961.99907,85.96199907,-14.038000929999994
2020-05-20,87135.59875,87.13559875000001,-12.86440124999999
2020-05-21,86838.55639,86.83855639,-13.161443610000001
2020-05-22,86794.27923,86.79427923,-13.205720769999996
2020-05-25,86794.27923,86.79427923,-13.205720769999996
2020-05-26,88682.62567,88.68262567,-11.317374330000007
2020-05-27,90452.41061,90.45241061000002,-9.547589389999988
2020-05-28,89709.02655,89.70902654999999,-10.290973450000006
2020-05-29,89213.65899,89.21365899,-10.786341010000001
2020-06-01,90102.39857,90.10239857,-9.897601429999991
2020-06-02,90950.82459,90.95082459,-9.049175409999998
2020-06-03,93071.16404,93.07116404,-6.928835960000002
2020-06-04,93600.8419,93.60084189999999,-6.399158100000002
2020-06-05,96332.74734,96.33274734,-3.6672526599999977
2020-06-08,98195.17552,98.19517552,-1.8048244800000002
2020-06-09,96753.6586,96.7536586,-3.246341400000008
2020-06-10,94921.42219,94.92142218999999,-5.078577810000007
2020-06-11,89691.63956,89.69163956,-10.308360440000008
2020-06-12,91172.94845,91.17294844999999,-8.827051550000009
2020-06-15,91663.66927,91.66366927,-8.336330729999997
2020-06-16,93147.16048,93.14716048,-6.852839519999998
2020-06-17,92575.27597,92.57527597,-7.424724029999997
2020-06-18,92333.16544,92.33316544,-7.666834560000002
2020-06-19,91783.08595,91.78308595,-8.216914050000002
2020-06-22,91931.78604,91.93178604,-8.068213959999992
2020-06-23,92201.68336,92.20168336,-7.798316640000003
2020-06-24,89862.20293,89.86220293,-10.137797069999998
2020-06-25,90471.85485999999,90.47185486,-9.52814514000001
2020-06-26,89016.05778,89.01605778,-10.983942219999998
2020-06-29,90834.6146,90.8346146,-9.165385400000003
2020-06-30,91458.71367,91.45871367000001,-8.541286329999998
2020-07-01,91158.54985,91.15854984999999,-8.841450150000007
2020-07-02,91655.59881,91.65559881,-8.344401190000006
2020-07-03,91584.23101,91.58423101000001,-8.415768989999995
2020-07-06,92592.92252,92.59292252,-7.407077480000002
2020-07-07,91421.92426,91.42192426,-8.578075740000003
2020-07-08,91585.83245,91.58583245,-8.414167549999995
2020-07-09,90470.37462,90.47037462,-9.529625379999995
2020-07-10,91956.02086,91.95602086000001,-8.04397913999999
2020-07-13,91610.91251,91.61091250999999,-8.389087490000001
2020-07-14,92817.17594,92.81717594,-7.182824060000003
2020-07-15,94080.90884,94.08090884,-5.919091160000001
2020-07-16,94101.28988,94.10128988,-5.898710120000006
2020-07-17,94324.2214,94.3242214,-5.675778600000003
2020-07-20,94064.36541,94.06436541,-5.935634590000005
2020-07-21,94878.87642,94.87887642,-5.121123579999997
2020-07-22,95466.68499,95.46668498999999,-4.533315010000005
2020-07-23,95009.86362,95.00986362,-4.990136379999999
2020-07-24,94529.63741,94.52963741,-5.47036259
2020-07-27,95055.35374,95.05535374,-4.944646259999996
2020-07-28,94860.72722,94.86072722,-5.139272780000004
2020-07-29,95522.92108,95.52292108,-4.477078919999999
2020-07-30,94802.71759,94.80271759,-5.197282410000003
2020-07-31,94775.3896,94.7753896,-5.224610400000007
2020-08-03,95102.61867,95.10261867,-4.897381330000005
2020-08-04,95698.69421,95.69869421,-4.301305789999999
2020-08-05,96447.55607,96.44755607,-3.5524439299999933
2020-08-06,96424.70895,96.42470895000001,-3.5752910499999957
2020-08-07,96844.24457,96.84424456999999,-3.155755430000007
2020-08-10,98070.35369999999,98.07035369999998,-1.9296463000000097
2020-08-11,97819.45544,97.81945544,-2.1805445599999973
2020-08-12,98406.36664,98.40636664,-1.5936333600000019
2020-08-13,97965.6721,97.9656721,-2.034327899999999
2020-08-14,98056.49781,98.05649781,-1.9435021900000016
2020-08-17,98005.21894,98.00521894,-1.9947810599999949
2020-08-18,97688.66167,97.68866167,-2.311338330000001
2020-08-19,97481.75283,97.48175283,-2.5182471699999986
2020-08-20,97135.97832,97.13597831999999,-2.8640216800000062
2020-08-21,96927.42906,96.92742906,-3.072570940000008
2020-08-24,98337.8312,98.3378312,-1.6621687999999968
2020-08-25,98192.06646,98.19206646,-1.8079335399999952
2020-08-26,98165.87538,98.16587538,-1.8341246199999994
2020-08-27,98276.85175,98.27685175,-1.723148249999995
2020-08-28,99144.34994,99.14434994,-0.8556500600000017
2020-08-31,98410.57082,98.41057082,-1.5894291800000016
2020-09-01,98495.20323,98.49520323,-1.5047967700000053
2020-09-02,99871.36104999999,99.87136104999999,-0.12863895000000403
2020-09-03,97818.46147,97.81846146999999,-2.1815385300000045
2020-09-04,97645.99365,97.64599365000001,-2.354006349999993
2020-09-07,97727.02735,97.72702735,-2.2729726499999936
2020-09-08,96241.81853,96.24181853,-3.7581814699999994
2020-09-09,97350.82721,97.35082721,-2.6491727899999984
2020-09-10,96206.94515,96.20694515,-3.7930548499999994
2020-09-11,96381.03815,96.38103815,-3.618961850000002
2020-09-14,97552.34879,97.55234879,-2.4476512100000014
2020-09-15,97646.83439,97.64683439000001,-2.3531656099999965
2020-09-16,98072.99335,98.07299335,-1.927006649999996
2020-09-17,97815.98799,97.81598799,-2.1840120100000027
2020-09-18,96839.73948999999,96.83973948999999,-3.1602605100000125
2020-09-21,94776.98951,94.77698950999999,-5.223010490000002
2020-09-22,95187.36831,95.18736831000001,-4.812631689999991
2020-09-23,93691.62049,93.69162049,-6.308379509999995
2020-09-24,93885.10181,93.88510181,-6.114898190000007
2020-09-25,94551.29969,94.55129969000001,-5.448700309999999
2020-09-28,96077.24457,96.07724457,-3.9227554300000023
2020-09-29,95622.14419,95.62214419,-4.377855809999998
2020-09-30,96028.87051,96.02887050999999,-3.9711294900000027
2020-10-01,96471.53217,96.47153217,-3.5284678299999928
2020-10-02,96563.87239,96.56387239,-3.436127609999995
2020-10-05,97847.23885,97.84723885,-2.1527611500000043
2020-10-06,97104.62269999999,97.1046227,-2.8953773000000127
2020-10-07,98384.64778,98.38464778,-1.6153522199999992
2020-10-08,99565.44522,99.56544521999999,-0.43455478000000713
2020-10-09,99813.81204,99.81381204,-0.18618795999999493
2020-10-12,100432.43217,100.43243217,0.4324321699999967
2020-10-13,99987.71407,99.98771407,-0.01228593
2020-10-14,100002.57397,100.00257397000001,0.002573970000008252
2020-10-15,100162.4195,100.1624195,0.1624194999999995
2020-10-16,100439.87562,100.43987562000001,0.43987562000000757
2020-10-19,99687.08571,99.68708571,-0.31291428999999926
2020-10-20,100056.11428,100.05611427999999,0.05611427999998586
2020-10-21,99736.57329,99.73657329,-0.2634267100000032
2020-10-22,100556.43825,100.55643825,0.556438250000002
2020-10-23,100859.70993,100.85970993,0.8597099299999966
2020-10-26,98987.96105,98.98796105,-1.0120389500000049
2020-10-27,98048.22695,98.04822695,-1.9517730500000052
2020-10-28,95641.77872,95.64177872,-4.358221279999997
2020-10-29,96444.1251,96.4441251,-3.5558749
2020-10-30,95808.61802,95.80861802,-4.191381980000008
2020-11-02,97340.08114,97.34008114,-2.65991886000001
2020-11-03,98985.89487999999,98.98589487999999,-1.0141051200000084
2020-11-04,99138.69461,99.13869461000002,-0.861305389999989
2020-11-05,100858.80821,100.85880820999999,0.858808209999995
2020-11-06,100645.10568,100.64510568,0.6451056800000021
2020-11-09,103891.194,103.891194,3.891193999999998
2020-11-10,104762.10481,104.76210481000001,4.762104810000012
2020-11-11,104766.84967,104.76684967,4.766849670000006
2020-11-12,103771.37534,103.77137534,3.771375340000005
2020-11-13,105594.54535,105.59454534999999,5.594545349999991
2020-11-16,107695.2404,107.6952404,7.695240400000003
2020-11-17,107453.1968,107.4531968,7.453196800000006
2020-11-18,106746.03943,106.74603943000001,6.746039430000006
2020-11-19,106908.30883,106.90830883,6.908308829999998
2020-11-20,106459.32685,106.45932685,6.459326849999991
2020-11-23,107759.61061999999,107.75961061999999,7.75961061999999
2020-11-24,110031.04748,110.03104747999998,10.031047479999987
2020-11-25,109625.31038,109.62531037999999,9.625310379999984
2020-11-26,109529.10818,109.52910818,9.52910817999999
2020-11-27,109448.50106,109.44850106,9.448501059999991
2020-11-30,108260.69268,108.26069268,8.260692680000004
2020-12-01,109695.0715,109.6950715,9.695071499999997
2020-12-02,109879.3179,109.87931789999999,9.879317899999984
2020-12-03,110287.5972,110.28759720000001,10.28759720000001
2020-12-04,111487.58015,111.48758015,11.48758015
2020-12-07,111091.01185,111.09101184999999,11.091011849999987
2020-12-08,111498.3283,111.4983283,11.498328299999994
2020-12-09,111426.0623,111.42606230000001,11.426062300000005
2020-12-10,111132.4023,111.13240230000001,11.13240230000001
2020-12-11,110934.9197,110.9349197,10.934919700000002
2020-12-14,110494.9922,110.49499219999998,10.494992199999986
2020-12-15,112033.10895,112.03310895,12.033108950000004
2020-12-16,111901.30915,111.90130915,11.901309150000007
2020-12-17,112260.8536,112.2608536,12.260853599999999
2020-12-18,111872.20395,111.87220395,11.872203949999992
2020-12-21,110925.6574,110.9256574,10.925657399999999
2020-12-22,110390.4204,110.3904204,10.3904204
2020-12-23,111055.9145,111.05591450000001,11.055914500000007
2020-12-24,111374.3618,111.3743618,11.374361799999999
2020-12-25,111374.3618,111.3743618,11.374361799999999
2020-12-28,111606.9253,111.6069253,11.606925300000004
2020-12-29,111408.52395,111.40852395,11.408523950000005
2020-12-30,112052.1917,112.05219170000001,12.052191700000003
2020-12-31,112467.362,112.46736200000001,12.467362000000005
2021-01-01,112467.362,112.46736200000001,12.467362000000005
2021-01-04,111366.55125,111.36655125000001,11.366551250000011
2021-01-05,112440.8069,112.4408069,12.440806900000002
2021-01-06,114207.4495,114.20744950000001,14.207449500000013
2021-01-07,114866.36805,114.86636805,14.866368050000013
2021-01-08,114693.72905,114.69372904999999,14.693729049999993
2021-01-11,114580.7335,114.5807335,14.580733499999997
2021-01-12,115420.1546,115.42015459999999,15.420154599999991
2021-01-13,115022.7783,115.0227783,15.022778300000006
2021-01-14,115726.9139,115.7269139,15.726913900000007
2021-01-15,114916.6074,114.9166074,14.916607400000004
2021-01-18,114881.35399999999,114.88135399999999,14.881353999999991
2021-01-19,115186.34355,115.18634355000002,15.186343550000014
2021-01-20,115850.6997,115.85069969999999,15.850699699999993
2021-01-21,115536.91395,115.53691395000001,15.53691395000001
2021-01-22,114966.73965,114.96673965,14.966739649999994
2021-01-25,114829.60215,114.82960215,14.82960215
2021-01-26,114793.58105,114.79358105,14.793581049999993
2021-01-27,112964.16465,112.96416465000001,12.96416465000001
2021-01-28,113694.7177,113.6947177,13.694717699999991
2021-01-29,111839.8587,111.8398587,11.839858699999994
2021-02-01,112900.532,112.90053200000001,12.900532000000009
2021-02-02,114223.92806,114.22392806000002,14.223928060000013
2021-02-03,114635.47358,114.63547358000001,14.635473580000014
2021-02-04,115608.68094,115.60868094000001,15.608680940000008
2021-02-05,116059.04544,116.05904544,16.05904544000001
2021-02-08,117034.82444,117.03482444,17.034824439999994
2021-02-09,117137.24954,117.13724954,17.13724954
2021-02-10,117281.64454,117.28164453999999,17.281644539999984
2021-02-11,117133.09854,117.13309854,17.133098540000002
2021-02-12,117465.22054,117.46522053999999,17.465220539999994
2021-02-15,117693.11684,117.69311684000002,17.693116840000013
2021-02-16,117673.57834,117.67357833999998,17.673578339999985
2021-02-17,117207.54953999999,117.20754953999999,17.207549539999988
2021-02-18,116419.54736,116.41954736,16.419547359999996
2021-02-19,117151.64954,117.15164954,17.15164953999999
2021-02-22,117642.88784,117.64288783999999,17.642887839999986
2021-02-23,117747.39664,117.74739664,17.74739664
2021-02-24,119290.25974,119.29025974000001,19.290259740000003
2021-02-25,117004.18904,117.00418904,17.004189040000007
2021-02-26,116086.95184,116.08695184,16.086951839999998
2021-03-01,118435.13594,118.43513594,18.43513593999999
2021-03-02,118056.09594,118.05609593999999,18.056095939999995
2021-03-03,117865.57403999999,117.86557404,17.86557404
2021-03-04,116637.79614,116.63779614,16.637796140000006
2021-03-05,118541.04234,118.54104234,18.541042340000004
2021-03-08,119160.12424,119.16012424,19.16012424
2021-03-09,119673.79804,119.67379804000001,19.67379804
2021-03-10,120687.17854,120.68717853999999,20.687178539999994
2021-03-11,121142.18374,121.14218374,21.142183739999986
2021-03-12,121690.34474,121.69034474,21.69034474
2021-03-15,122637.28474,122.63728474,22.63728474
2021-03-16,122133.80584,122.13380584,22.133805839999997
2021-03-17,122732.46264,122.73246264,22.732462639999994
2021-03-18,121346.76534,121.34676533999999,21.346765339999997
2021-03-19,121105.96664,121.10596663999999,21.105966639999995
2021-03-22,121200.89334,121.20089334,21.200893339999993
2021-03-23,119631.40884,119.63140884,19.63140884000001
2021-03-24,119500.52804,119.50052803999999,19.50052804
2021-03-25,120671.16294,120.67116294,20.67116294
2021-03-26,122848.38434,122.84838434000001,22.848384340000006
2021-03-29,122450.42104,122.45042104,22.45042103999999
2021-03-30,122501.11614,122.50111614,22.501116139999986
2021-03-31,122444.57984,122.44457984000002,22.44457984000001
2021-04-01,123441.80824,123.44180824,23.441808239999993
2021-04-02,123393.56824,123.39356823999998,23.393568239999986
2021-04-05,124565.86054,124.56586053999999,24.565860539999985
2021-04-06,124628.69004,124.62869004000001,24.628690040000013
2021-04-07,124562.88494,124.56288494,24.562884940000007
2021-04-08,124813.80744,124.81380744000002,24.813807440000012
2021-04-09,124992.37174,124.99237174,24.992371739999996
2021-04-12,124961.83334,124.96183334,24.961833339999995
2021-04-13,124745.33224,124.74533224,24.745332239999996
2021-04-14,124916.45784,124.91645784,24.916457840000007
2021-04-15,125659.46474,125.65946474,25.659464740000004
2021-04-16,126310.20264,126.31020264000001,26.310202640000014
2021-04-19,125759.41563999999,125.75941564,25.759415639999993
2021-04-20,124515.80369,124.51580369,24.51580368999999
2021-04-21,125592.20914,125.59220914,25.59220914
2021-04-22,124716.08004,124.71608004000001,24.71608004000001
2021-04-23,125453.84654,125.45384654,25.45384654
2021-04-26,125491.32054,125.49132054,25.491320540000007
2021-04-27,125426.62284,125.42662284,25.42662283999999
2021-04-28,125218.41294,125.21841294000001,25.21841294
2021-04-29,125636.83499,125.63683499,25.63683499
2021-04-30,125053.32394,125.05332394,25.053323939999995
2021-05-03,126074.85564,126.07485564000001,26.074855640000006
2021-05-04,125729.33153,125.72933152999998,25.72933152999999
2021-05-05,126172.25864,126.17225864,26.17225863999999
2021-05-06,127270.00894,127.27000894,27.27000894
2021-05-07,128091.96664,128.09196664,28.09196664
2021-05-10,127679.95424,127.67995424,27.679954240000004
2021-05-11,126450.92984,126.45092983999999,26.450929839999993
2021-05-12,123987.18718,123.98718717999999,23.987187179999992
2021-05-13,125236.28584,125.23628584,25.236285839999994
2021-05-14,126871.00224,126.87100224000001,26.87100224000001
2021-05-17,126990.76194,126.99076194000001,26.990761940000006
2021-05-18,125926.82354,125.92682354,25.92682354
2021-05-19,125274.61824,125.27461824,25.27461823999999
2021-05-20,125960.54734,125.96054733999999,25.960547339999994
2021-05-21,126174.77964,126.17477964,26.17477963999999
2021-05-24,126779.83554,126.77983554000001,26.779835540000008
2021-05-25,126164.69524,126.16469524,26.16469524
2021-05-26,126803.48384,126.80348384,26.80348384
2021-05-27,127460.74713999999,127.46074714,27.460747139999995
2021-05-28,127355.84964,127.35584964,27.355849639999995
2021-05-31,127355.84964,127.35584964,27.355849639999995
2021-06-01,127807.77623999999,127.80777624,27.807776239999992
2021-06-02,127765.99244,127.76599243999999,27.765992439999998
2021-06-03,127405.63204,127.40563204,27.405632039999993
2021-06-04,127959.94974,127.95994974,27.95994974
2021-06-07,127524.31834,127.52431834,27.524318339999997
2021-06-08,127700.97944,127.70097944000001,27.700979440000005
2021-06-09,127035.13584,127.03513584000001,27.035135840000013
2021-06-10,127109.72514,127.10972513999998,27.109725139999984
2021-06-11,127394.80794,127.39480793999999,27.39480794
2021-06-14,126958.61634,126.95861633999999,26.958616339999985
2021-06-15,126906.76613999999,126.90676613999999,26.90676613999998
2021-06-16,125935.71384,125.93571383999999,25.93571384
2021-06-17,124858.61334,124.85861333999999,24.85861333999999
2021-06-18,122893.52274,122.89352274000001,22.893522740000005
2021-06-21,124530.96734,124.53096734,24.530967339999997
2021-06-22,124475.68074,124.47568074,24.475680739999994
2021-06-23,124243.71084,124.24371084,24.24371084000001
2021-06-24,125054.26374,125.05426374,25.054263739999993
2021-06-25,125471.02274,125.47102274,25.471022739999995
2021-06-28,125147.50774,125.14750774000001,25.14750774000001
2021-06-29,125145.74713999999,125.14574714,25.145747139999997
2021-06-30,125673.08724,125.67308723999999,25.673087239999994
2021-07-01,125881.11224,125.88111224000001,25.881112240000004
2021-07-02,126097.39154,126.09739153999999,26.097391539999993
2021-07-05,126243.14034,126.24314034,26.243140339999993
2021-07-06,125167.13814,125.16713814,25.16713814
2021-07-07,125315.29964,125.31529963999999,25.31529963999999
2021-07-08,124372.54484,124.37254484,24.37254484
2021-07-09,125874.97034,125.87497033999999,25.87497033999999
2021-07-12,125984.41684,125.98441684000001,25.984416840000012
2021-07-13,125125.17554,125.12517554,25.12517554
2021-07-14,125110.56684,125.11056683999999,25.110566839999994
2021-07-15,124798.65724,124.79865724000001,24.79865724000001
2021-07-16,123623.62474,123.62362474,23.623624739999993
2021-07-19,121686.29604,121.68629604,21.68629604000001
2021-07-20,123432.44784,123.43244784000001,23.432447840000002
2021-07-21,124613.02314,124.61302314,24.613023140000003
2021-07-22,124045.88964,124.04588963999998,24.045889639999984
2021-07-23,124652.86214,124.65286214,24.652862139999996
2021-07-26,125209.75714,125.20975714,25.20975714
2021-07-27,125177.13444,125.17713444,25.177134440000003
2021-07-28,125256.79544,125.25679544000002,25.256795440000012
2021-07-29,126151.17874,126.15117874000002,26.151178740000013
2021-07-30,125544.10734,125.54410734000001,25.54410734000001
2021-08-02,125385.82454,125.38582454,25.38582454
2021-08-03,126289.45834,126.28945834000001,26.289458340000003
2021-08-04,125192.87834,125.19287834,25.192878339999993
2021-08-05,125631.20154,125.63120154,25.631201540000003
2021-08-06,125994.56904,125.99456903999999,25.994569039999995
2021-08-09,125609.29434,125.60929433999999,25.609294339999987
2021-08-10,126249.28374,126.24928374,26.249283739999996
2021-08-11,127116.17464,127.11617464,27.11617464
2021-08-12,126855.19224,126.85519224000001,26.855192240000015
2021-08-13,126812.61494,126.81261494,26.812614940000003
2021-08-16,126799.59534,126.79959534000001,26.799595340000003
2021-08-17,125789.35304,125.78935304000001,25.78935304000001
2021-08-18,124853.16884,124.85316884,24.853168839999995
2021-08-19,124286.65824,124.28665824000001,24.28665824
2021-08-20,125125.63224,125.12563224,25.125632239999995
2021-08-23,126073.34864,126.07334863999999,26.073348639999992
2021-08-24,126446.57884,126.44657884000002,26.44657884000001
2021-08-25,126893.56594,126.89356594,26.89356594000001
2021-08-26,125942.16524,125.94216524,25.942165239999994
2021-08-27,127202.45264,127.20245264,27.202452640000008
2021-08-30,126929.63264,126.92963264,26.92963263999999
2021-08-31,127135.72194,127.13572194,27.135721940000003
2021-09-01,127136.32644,127.13632644000002,27.136326440000012
2021-09-02,127747.42464,127.74742463999999,27.747424639999995
2021-09-03,127517.90444,127.51790444,27.517904439999995
2021-09-06,127491.91904,127.49191903999998,27.491919039999992
2021-09-07,126518.22344,126.51822344000001,26.51822344000001
2021-09-08,126278.98844,126.27898844,26.278988440000006
2021-09-09,125904.88294,125.90488294,25.904882939999997
2021-09-10,125129.98534,125.12998533999999,25.129985339999994
2021-09-13,125916.92784,125.91692784000001,25.916927840000014
2021-09-14,124940.25034,124.94025034,24.940250340000002
2021-09-15,125996.03064,125.99603064,25.99603064
2021-09-16,125430.79424,125.43079424000001,25.43079424000001
2021-09-17,124833.21784,124.83321783999999,24.83321783999999
2021-09-20,123368.31004,123.36831004,23.368310039999997
2021-09-21,122896.95244,122.89695243999998,22.896952439999986
2021-09-22,124071.79914,124.07179914,24.071799139999996
2021-09-23,125348.95634,125.34895634,25.348956340000008
2021-09-24,125341.34974,125.34134974,25.34134974
2021-09-27,126175.13214,126.17513214,26.175132140000002
2021-09-28,124739.40614,124.73940614000001,24.739406140000007
2021-09-29,125001.22024,125.00122024,25.00122024
2021-09-30,123634.98344,123.63498343999998,23.634983439999992
2021-10-01,124732.44074,124.73244074,24.732440740000005
2021-10-04,124416.15424,124.41615424000001,24.41615424000001
2021-10-05,124964.14584,124.96414584,24.964145839999997
2021-10-06,124973.08924,124.97308924,24.97308923999999
2021-10-07,125928.14854,125.92814853999998,25.928148539999984
2021-10-08,125705.28214,125.70528213999998,25.705282139999987
2021-10-11,125208.31234,125.20831234,25.208312340000006
2021-10-12,125140.68164,125.14068163999998,25.140681639999983
2021-10-13,125353.64644,125.35364644,25.35364644
2021-10-14,126893.72014,126.89372014,26.89372014
2021-10-15,127464.74694,127.46474694000001,27.464746940000005
2021-10-18,127322.07324,127.32207324,27.32207324
2021-10-19,127818.19894,127.81819893999999,27.818198939999995
2021-10-20,128564.68284,128.56468284,28.56468284
2021-10-21,128656.45754,128.65645754000002,28.656457540000012
2021-10-22,128599.64454,128.59964453999999,28.599644539999993
2021-10-25,129013.97354,129.01397354000002,29.013973540000016
2021-10-26,128544.81184,128.54481184,28.544811839999994
2021-10-27,127204.19304,127.20419303999999,27.204193039999993
2021-10-28,128311.75964,128.31175964000002,28.311759640000012
2021-10-29,128199.21154,128.19921154,28.19921154
2021-11-01,129222.09974,129.22209974,29.222099740000008
2021-11-02,129625.41563999999,129.62541563999997,29.625415639999986
2021-11-03,130284.75894,130.28475894,30.28475894
2021-11-04,130319.56804,130.31956804,30.31956804
2021-11-05,131661.50154,131.66150154000002,31.661501540000003
2021-11-08,131745.78884,131.74578884,31.74578883999999
2021-11-09,132001.50364,132.00150364,32.00150364000001
2021-11-10,131712.12894,131.71212893999999,31.712128939999996
2021-11-11,132088.95593999999,132.08895593999998,32.088955939999984
2021-11-12,132423.55703999999,132.42355704,32.42355703999999
2021-11-15,132692.12264,132.69212263999998,32.69212263999999
2021-11-16,132465.71314,132.46571314,32.46571314
2021-11-17,132041.60564,132.04160564,32.04160564
2021-11-18,131714.68684,131.71468684,31.714686840000006
2021-11-19,131258.91884,131.25891884,31.258918840000007
2021-11-22,131710.99214,131.71099214,31.710992139999995
2021-11-23,132050.43214,132.05043214,32.050432139999984
2021-11-24,132006.44984,132.00644984,32.00644983999999
2021-11-25,132027.97924,132.02797923999998,32.02797923999998
2021-11-26,129205.57684,129.20557684,29.205576840000003
2021-11-29,129938.28284,129.93828284,29.938282839999996
2021-11-30,127437.24214,127.43724214000001,27.437242140000006
2021-12-01,126823.71934,126.82371933999998,26.823719339999986
2021-12-02,128486.69094,128.48669094000002,28.486690940000003
2021-12-03,128445.99644,128.44599644000002,28.44599644000001
2021-12-06,130268.04774,130.26804774000001,30.268047740000004
2021-12-07,131528.13294,131.52813294,31.52813294000001
2021-12-08,131849.25034,131.84925034,31.84925033999999
2021-12-09,131156.37344,131.15637343999998,31.156373439999996
2021-12-10,131618.26964,131.61826964,31.61826964000001
2021-12-13,130584.37354,130.58437354,30.58437354000001
2021-12-14,130258.20254,130.25820254,30.25820254
2021-12-15,131242.20764,131.24220764,31.242207640000007
2021-12-16,131295.43324,131.29543324000002,31.295433240000015
2021-12-17,130333.85224,130.33385224,30.333852240000002
2021-12-20,129262.71744,129.26271744,29.262717439999996
2021-12-21,131236.56504,131.23656504,31.236565039999988
2021-12-22,132061.25923999998,132.06125923999997,32.061259239999984
2021-12-23,132833.04464,132.83304464,32.83304464000001
2021-12-24,132840.96124,132.84096124,32.84096124
2021-12-27,134066.07504,134.06607504,34.06607503999999
2021-12-28,134270.81854,134.27081854,34.27081854
2021-12-29,134628.19834,134.62819833999998,34.62819834
2021-12-30,134546.00464,134.54600464,34.54600463999999
2021-12-31,134703.28294,134.70328294,34.70328294
2022-01-03,135216.97464,135.21697464,35.21697464
2022-01-04,136456.81284,136.45681284,36.45681284
2022-01-05,135454.95334,135.45495334000003,35.45495334000002
2022-01-06,135625.35534,135.62535534000003,35.62535534000002
2022-01-07,135798.21544,135.79821543999998,35.79821543999999
2022-01-10,135542.28354,135.54228354,35.54228354
2022-01-11,136302.30634,136.30230634,36.30230634
2022-01-12,136483.92904,136.48392904,36.48392903999999
2022-01-13,136531.28094,136.53128094,36.53128094
2022-01-14,136519.93124,136.51993124,36.51993124000001
2022-01-17,136579.51903999998,136.57951903999998,36.57951903999999
2022-01-18,134720.83574,134.72083574,34.72083574
2022-01-19,133941.30624,133.94130624,33.94130624
2022-01-20,132426.77344,132.42677344,32.42677344
2022-01-21,130665.83504,130.66583504,30.66583504
2022-01-24,130962.82134,130.96282134,30.96282133999999
2022-01-25,130496.41724,130.49641723999997,30.496417239999985
2022-01-26,129709.22114,129.70922113999998,29.709221139999986
2022-01-27,128814.39734,128.81439734,28.81439734
2022-01-28,130027.16574,130.02716574,30.027165739999994
2022-01-31,131614.76344,131.61476344,31.614763440000004
2022-02-01,132474.36964,132.47436964,32.47436963999999
2022-02-02,133237.87044,133.23787044,33.237870439999995
2022-02-03,131921.23544,131.92123543999998,31.921235439999982
2022-02-04,131435.31504,131.43531503999998,31.43531503999999
2022-02-07,131512.32414,131.51232414,31.512324140000004
2022-02-08,132708.90904,132.70890903999998,32.70890903999999
2022-02-09,134078.40254,134.07840254,34.078402540000006
2022-02-10,132399.03624,132.39903624,32.39903623999998
2022-02-11,131354.83714,131.35483713999997,31.35483713999998
2022-02-14,130949.57154,130.94957154,30.949571539999997
2022-02-15,132798.64374,132.79864374,32.79864373999999
2022-02-16,133325.27814,133.32527814000002,33.325278140000016
2022-02-17,132157.94244,132.15794244,32.15794244000001
2022-02-18,131839.42924,131.83942924000002,31.839429240000005
2022-02-21,131734.20794,131.73420794,31.73420793999999
2022-02-22,130625.35544,130.62535544,30.62535544
2022-02-23,128990.69554,128.99069554,28.99069554
2022-02-24,129372.53264,129.37253264,29.372532640000017
2022-02-25,132151.72774,132.15172773999998,32.15172773999999
2022-02-28,131948.24634,131.94824634000003,31.94824634000002
2022-03-01,130443.18774,130.44318773999998,30.44318773999999
2022-03-02,132448.18324,132.44818324,32.448183240000006
2022-03-03,132063.86754,132.06386754000002,32.06386754000001
2022-03-04,131130.96044,131.13096044,31.13096043999999
2022-03-07,128235.76954,128.23576954,28.23576954
2022-03-08,127873.84074,127.87384073999999,27.873840739999988
2022-03-09,129981.43594,129.98143594,29.98143594
2022-03-10,129662.10384,129.66210384,29.662103839999986
2022-03-11,128819.43624,128.81943624,28.819436239999984
2022-03-14,128287.50144,128.28750143999997,28.287501439999986
2022-03-15,129925.25334,129.92525334,29.92525334
2022-03-16,132012.92974,132.01292973999998,32.01292973999998
2022-03-17,133080.29874,133.08029874,33.08029874
2022-03-18,133633.37114,133.63337114,33.63337114
2022-03-21,133606.21264,133.60621264000002,33.60621264000001
2022-03-22,134212.34314,134.21234314,34.212343140000016
2022-03-23,132744.16834,132.74416834,32.74416834
2022-03-24,134038.15954,134.03815954,34.03815954
2022-03-25,134704.15224,134.70415223999998,34.704152239999985
2022-03-28,134762.64014,134.76264014,34.76264014000001
2022-03-29,136599.88444,136.59988443999998,36.59988444
2022-03-30,136046.08084,136.04608084,36.04608084
2022-03-31,134356.91564,134.35691563999998,34.35691563999998
2022-04-01,134732.00224,134.73200223999999,34.73200223999999
2022-04-04,134928.01154,134.92801154,34.92801154
2022-04-05,133498.23224,133.49823224000002,33.498232240000014
2022-04-06,133044.85144,133.04485144,33.04485144
2022-04-07,133282.88634,133.28288634,33.282886340000005
2022-04-08,133434.36164,133.43436164,33.43436164
2022-04-11,132745.73354,132.74573353999997,32.74573353999999
2022-04-12,132857.47804,132.85747804,32.85747803999999
2022-04-13,133856.72024,133.85672024,33.856720239999994
2022-04-14,133341.52974,133.34152974,33.34152974
2022-04-15,133341.52974,133.34152974,33.34152974
2022-04-18,133351.21314,133.35121314,33.35121314
2022-04-19,134887.71154,134.88771154,34.88771153999999
2022-04-20,135592.26644,135.59226644,35.592266439999996
2022-04-21,134294.45754,134.29445754,34.29445754
2022-04-22,132013.30294,132.01330294,32.01330294
2022-04-25,132474.51484,132.47451483999998,32.47451483999999
2022-04-26,130082.02704,130.08202704,30.082027040000003
2022-04-27,130077.23804,130.07723804,30.077238039999997
2022-04-28,131732.75254,131.73275253999998,31.732752539999986
2022-04-29,129178.41314,129.17841314,29.178413140000004
2022-05-02,129280.71214,129.28071214000002,29.28071214000001
2022-05-03,130230.50934,130.23050934,30.23050934
2022-05-04,133200.64494,133.20064494,33.20064493999999
2022-05-05,130050.78044,130.05078044,30.050780440000004
2022-05-06,129228.42104,129.22842104,29.228421040000008
2022-05-09,126548.68084,126.54868083999999,26.548680839999996
2022-05-10,126190.88004,126.19088004000001,26.19088004000001
2022-05-11,125122.82144,125.12282144,25.12282144
2022-05-12,125147.53064,125.14753064,25.147530639999992
2022-05-13,127546.26964,127.54626963999999,27.54626964
2022-05-16,127653.99364,127.65399364000001,27.653993640000007
2022-05-17,129727.86164,129.72786164000001,29.727861640000008
2022-05-18,126010.80694,126.01080694,26.01080694
2022-05-19,125434.13534,125.43413533999998,25.434135339999987
2022-05-20,124821.42174,124.82142174000002,24.821421740000016
2022-05-23,126464.06234,126.46406234,26.464062340000005
2022-05-24,125970.75944,125.97075944,25.970759440000002
2022-05-25,127121.58813999999,127.12158813999999,27.121588139999986
2022-05-26,129225.54914,129.22554914,29.225549139999995
2022-05-27,131359.04854,131.35904853999997,31.35904853999998
2022-05-30,131427.04274,131.42704274000002,31.42704274000001
2022-05-31,130612.60884,130.61260884,30.61260884000001
2022-06-01,129883.75474,129.88375474,29.88375474
2022-06-02,131457.33004,131.45733004,31.45733004
2022-06-03,130271.40474,130.27140474,30.27140474000001
2022-06-06,130570.44724,130.57044724,30.57044724
2022-06-07,131294.14864,131.29414864,31.294148639999996
2022-06-08,129700.16754,129.70016754,29.70016754
2022-06-09,127169.42114,127.16942114000001,27.169421140000004
2022-06-10,124677.49064,124.67749064,24.67749064
2022-06-13,120636.93994,120.63693994,20.636939939999998
2022-06-14,119969.39044,119.96939044000001,19.969390440000012
2022-06-15,121148.15204,121.14815204,21.14815204
2022-06-16,117841.34473,117.84134472999999,17.841344729999985
2022-06-17,118052.58431,118.05258431000001,18.052584310000007
2022-06-20,118201.40371,118.20140371000001,18.201403710000008
2022-06-21,119876.05344,119.87605344,19.876053440000007
2022-06-22,119383.87744,119.38387743999999,19.383877439999985
2022-06-23,119749.74743999999,119.74974744,19.74974744
2022-06-24,122619.29694,122.61929694,22.619296939999998
2022-06-27,122656.78244,122.65678244,22.65678244
2022-06-28,121370.59084,121.37059084000002,21.370590840000013
2022-06-29,120477.88924,120.47788924,20.477889240000003
2022-06-30,119626.00023,119.62600023,19.626000230000006
2022-07-01,120480.78934,120.48078934,20.480789339999994
2022-07-04,120434.34394,120.43434394,20.434343940000012
2022-07-05,119559.22327,119.55922326999999,19.559223269999993
2022-07-06,119593.68046,119.59368046,19.59368046000001
2022-07-07,121345.62104,121.34562104,21.345621039999997
2022-07-08,121280.50194,121.28050194,21.280501939999997
2022-07-11,120247.94785,120.24794784999999,20.247947849999992
2022-07-12,120248.89414,120.24889413999999,20.248894139999997
2022-07-13,119955.59124,119.95559123999999,19.955591239999993
2022-07-14,119370.94524,119.37094524,19.370945240000005
2022-07-15,120951.00514,120.95100513999999,20.95100513999999
2022-07-18,120635.83944,120.63583944,20.635839440000005
2022-07-19,123229.17184,123.22917183999999,23.229171839999996
2022-07-20,123714.14573999999,123.71414573999999,23.714145739999992
2022-07-21,124091.29184,124.09129184000001,24.091291840000007
2022-07-22,123362.28444,123.36228444000001,23.362284440000014
2022-07-25,123470.17204,123.47017204000001,23.470172040000016
2022-07-26,122711.46554,122.71146554,22.71146554000001
2022-07-27,124666.79504,124.66679504,24.66679504
2022-07-28,125933.60154,125.93360154,25.933601539999994
2022-07-29,126885.38114,126.88538114,26.885381140000007
2022-08-01,127132.55644,127.13255644000002,27.13255644000001
2022-08-02,126068.11624,126.06811624000001,26.068116240000005
2022-08-03,126961.26354,126.96126353999999,26.96126353999999
2022-08-04,126612.49134,126.61249133999999,26.612491339999988
2022-08-05,126436.27563999999,126.43627563999999,26.436275639999995
2022-08-08,127045.90894,127.04590893999999,27.045908939999986
2022-08-09,126327.90484,126.32790484,26.327904840000006
2022-08-10,128194.50844,128.19450844,28.19450844
2022-08-11,128662.38274,128.66238274,28.66238273999999
2022-08-12,130386.60794,130.38660794,30.38660794000001
2022-08-15,130633.67104,130.63367104000002,30.63367104000001
2022-08-16,131255.82844,131.25582844000002,31.25582844000001
2022-08-17,130025.41563999999,130.02541563999998,30.025415639999984
2022-08-18,130595.53074,130.59553074000002,30.595530740000008
2022-08-19,129190.39244,129.19039243999998,29.19039243999999
2022-08-22,127042.19454,127.04219453999998,27.042194539999986
2022-08-23,127108.26544,127.10826544,27.10826544
2022-08-24,127342.33964,127.34233964,27.342339640000013
2022-08-25,128628.28624,128.62828624,28.62828624
2022-08-26,125373.49924,125.37349924,25.373499240000008
2022-08-29,124847.77014,124.84777014,24.84777013999999
2022-08-30,123358.65164,123.35865163999999,23.358651639999994
2022-08-31,122408.45823999999,122.40845824,22.408458239999995
2022-09-01,122117.94873999999,122.11794873999999,22.117948739999992
2022-09-02,121493.40594,121.49340594,21.49340594
2022-09-05,121497.24354,121.49724354,21.49724354
2022-09-06,120938.14143999999,120.93814144,20.938141439999992
2022-09-07,122522.49394,122.52249394,22.52249394000001
2022-09-08,122765.13864,122.76513864,22.765138640000004
2022-09-09,124735.35754,124.73535754,24.735357540000003
2022-09-12,125868.23534,125.86823534,25.868235340000002
2022-09-13,121713.95363999999,121.71395364,21.713953639999993
2022-09-14,121499.03714,121.49903714000001,21.49903714000001
2022-09-15,120285.02204,120.28502204,20.28502204
2022-09-16,119532.91424,119.53291423999998,19.53291423999999
2022-09-19,120420.59354,120.42059354000001,20.42059354000001
2022-09-20,118884.13814,118.88413814,18.884138140000005
2022-09-21,117647.89094,117.64789093999998,17.64789093999999
2022-09-22,116526.09954,116.52609953999999,16.526099539999993
2022-09-23,114489.27654,114.48927654,14.489276540000006
2022-09-26,113336.56604,113.33656604,13.336566039999997
2022-09-27,113003.66194,113.00366194,13.00366194
2022-09-28,114690.57534,114.69057534,14.69057534
2022-09-29,112401.52984,112.40152984000001,12.401529840000002
2022-09-30,111135.70784,111.13570784,11.135707839999998
2022-10-03,113800.76334,113.80076334,13.80076334
2022-10-04,117029.94604,117.02994603999998,17.029946039999988
2022-10-05,116404.50614,116.40450614,16.404506139999995
2022-10-06,115459.34344,115.45934344,15.459343439999994
2022-10-07,113337.96364,113.33796364,13.337963639999995
2022-10-10,112889.19714,112.88919714000001,12.889197140000007
2022-10-11,112670.74974,112.67074973999999,12.670749739999998
2022-10-12,112091.86814,112.09186814,12.091868140000006
2022-10-13,114405.68594,114.40568594,14.405685940000001
2022-10-14,112417.01344,112.41701343999999,12.417013439999991
2022-10-17,114444.53134,114.44453134000001,14.444531340000012
2022-10-18,115546.87874,115.54687874,15.546878740000004
2022-10-19,114817.88514,114.81788514,14.817885139999998
2022-10-20,114293.92714,114.29392714,14.293927139999996
2022-10-21,116529.07534,116.52907533999999,16.529075339999988
2022-10-24,117510.98864,117.51098864000001,17.51098864
2022-10-25,119011.48214,119.01148214,19.01148213999999
2022-10-26,119511.54464,119.51154464,19.51154464
2022-10-27,119653.44534,119.65344533999999,19.653445339999998
2022-10-28,121556.70074,121.55670074,21.55670074
2022-10-31,120966.42624,120.96642624,20.966426240000004
2022-11-01,121399.37914,121.39937914000001,21.399379140000008
2022-11-02,119092.53944,119.09253944,19.09253944
2022-11-03,118714.48434,118.71448434,18.714484340000006
2022-11-04,121045.37264,121.04537264,21.045372639999993
2022-11-07,121949.33234,121.94933233999998,21.949332339999984
2022-11-08,122458.95794,122.45895793999999,22.45895793999999
2022-11-09,120680.21294,120.68021294,20.680212939999997
2022-11-10,125761.64174,125.76164174,25.761641739999995
2022-11-11,126987.31114,126.98731114000002,26.987311140000013
2022-11-14,125938.85434,125.93885434,25.938854340000006
2022-11-15,126839.86844,126.83986844000002,26.839868440000014
2022-11-16,125396.06494,125.39606494,25.396064939999995
2022-11-17,125388.79764,125.38879763999999,25.388797639999993
2022-11-18,126281.27414,126.28127414,26.281274139999987
2022-11-21,126278.13224,126.27813223999999,26.278132239999998
2022-11-22,127881.03834,127.88103834,27.881038339999996
2022-11-23,128298.06474,128.29806474,28.298064740000008
2022-11-24,128296.97474,128.29697474000002,28.296974740000014
2022-11-25,128320.12234,128.32012234,28.320122340000008
2022-11-28,126527.30584,126.52730584,26.527305840000004
2022-11-29,126788.68334,126.78868333999999,26.78868334
2022-11-30,129128.81234,129.12881234,29.12881234
2022-12-01,128938.07004,128.93807003999999,28.938070039999996
2022-12-02,128943.61194,128.94361194,28.943611940000014
2022-12-05,127518.00994,127.51800994,27.51800994
2022-12-06,126582.60964,126.58260963999999,26.582609639999987
2022-12-07,126191.45024,126.19145024000001,26.19145024
2022-12-08,126823.06883999999,126.82306883999999,26.823068839999987
2022-12-09,125783.95294,125.78395294,25.78395294
2022-12-12,127296.55364,127.29655363999998,27.29655363999999
2022-12-13,127923.69204,127.92369204,27.923692040000002
2022-12-14,127477.46234,127.47746233999999,27.47746233999999
2022-12-15,124939.18934,124.93918933999998,24.93918933999999
2022-12-16,124104.96944,124.10496944,24.10496944
2022-12-19,123373.41734,123.37341734,23.373417340000003
2022-12-20,123840.00173999999,123.84000173999998,23.840001739999984
2022-12-21,125300.01874,125.30001874000001,25.300018740000006
2022-12-22,123953.17304,123.95317304,23.953173039999996
2022-12-23,124710.78404,124.71078404,24.71078404
2022-12-26,124710.78404,124.71078404,24.71078404
2022-12-27,124875.14184,124.87514184,24.87514183999999
2022-12-28,123501.88163999999,123.50188164,23.50188164
2022-12-29,125173.58704,125.17358703999999,25.17358703999999
2022-12-30,124753.86304,124.75386304,24.753863040000002
2023-01-02,124753.86304,124.75386304,24.753863040000002
2023-01-03,124984.77844,124.98477844,24.98477844
2023-01-04,126489.14324,126.48914324,26.48914324
2023-01-05,125865.69404,125.86569404000001,25.865694040000008
2023-01-06,128377.55844,128.37755843999997,28.377558439999984
2023-01-09,128444.92734,128.44492734,28.444927339999992
2023-01-10,129256.72764,129.25672764,29.25672764
2023-01-11,130108.84994,130.10884994,30.108849940000006
2023-01-12,130636.28854,130.63628854,30.636288540000002
2023-01-13,130847.56494,130.84756494,30.847564940000005
2023-01-16,131019.68493999999,131.01968494,31.019684940000005
2023-01-17,130373.48054,130.37348054,30.373480539999996
2023-01-18,128749.24244,128.74924244000002,28.74924244000001
2023-01-19,127469.04994,127.46904993999999,27.46904993999999
2023-01-20,129303.08854,129.30308853999998,29.30308853999999
2023-01-23,130596.30924,130.59630924,30.596309240000007
2023-01-24,130423.29854,130.42329854000002,30.42329854000001
2023-01-25,130616.74683999999,130.61674684,30.616746839999998
2023-01-26,131065.18184,131.06518184,31.06518184
2023-01-27,131086.49234,131.08649234,31.086492340000007
2023-01-30,129902.31004,129.90231004,29.90231003999999
2023-01-31,131310.08244,131.31008244,31.31008244
2023-02-01,132795.00884,132.79500884,32.795008839999994
2023-02-02,133639.23004,133.63923004,33.63923004
2023-02-03,132283.08424,132.28308424,32.283084239999994
2023-02-06,131518.73424,131.51873424000001,31.51873424
2023-02-07,132345.35674,132.34535674,32.345356739999986
2023-02-08,131038.85134,131.03885134,31.038851339999994
2023-02-09,129928.25564,129.92825564,29.92825564000001
2023-02-10,130275.21974,130.27521974,30.275219740000004
2023-02-13,131309.32914,131.30932914,31.309329139999996
2023-02-14,131240.52104,131.24052104,31.24052103999999
2023-02-15,131722.73254,131.72273254,31.72273254
2023-02-16,130601.98794,130.60198794,30.601987939999997
2023-02-17,130511.24193999999,130.51124194,30.51124193999999
2023-02-20,130476.36194,130.47636194,30.476361940000007
2023-02-21,128298.11104,128.29811104,28.298111039999995
2023-02-22,127973.77154,127.97377154,27.97377154
2023-02-23,128409.14824,128.40914824,28.409148240000004
2023-02-24,127370.61314,127.37061314,27.37061314
2023-02-27,127649.31474,127.64931474000001,27.64931474000001
2023-02-28,127405.79184,127.40579184,27.405791840000006
2023-03-01,127300.33824,127.30033824,27.30033824
2023-03-02,128297.76064,128.29776064,28.297760640000003
2023-03-03,129440.63944,129.44063943999998,29.440639439999995
2023-03-06,128878.20314,128.87820314,28.878203140000004
2023-03-07,127338.57923999999,127.33857923999999,27.338579239999984
2023-03-08,127725.74534,127.72574533999999,27.725745339999985
2023-03-09,126232.14624,126.23214624,26.23214624000001
2023-03-10,124674.00914,124.67400914,24.674009139999995
2023-03-13,124092.60864,124.09260864000001,24.09260864
2023-03-14,125230.11914,125.23011914,25.230119139999996
2023-03-15,124105.53524,124.10553523999998,24.105535239999988
2023-03-16,125220.65454,125.22065454,25.220654539999998
2023-03-17,123886.06514,123.88606514,23.88606514
2023-03-20,125089.28044,125.08928044000001,25.089280440000007
2023-03-21,125905.12504,125.90512504,25.905125039999998
2023-03-22,124255.83873999999,124.25583873999999,24.25583873999999
2023-03-23,124515.38163999999,124.51538164,24.51538164
2023-03-24,125145.62384,125.14562384000001,25.14562384000001
2023-03-27,125661.77404,125.66177404000001,25.661774040000008
2023-03-28,125892.80534,125.89280534,25.892805340000002
2023-03-29,127396.94964,127.39694964000002,27.396949640000013
2023-03-30,128119.46324,128.11946324,28.119463239999988
2023-03-31,129415.85834,129.41585834,29.41585834
2023-04-03,129744.01084,129.74401084,29.74401084
2023-04-04,128805.62294,128.80562294,28.80562294
2023-04-05,128739.77814,128.73977814,28.739778139999995
2023-04-06,128924.01914,128.92401914,28.924019140000002
2023-04-07,128924.01914,128.92401914,28.924019140000002
2023-04-10,129609.86574,129.60986574,29.609865739999996
2023-04-11,130158.49904,130.15849903999998,30.158499039999988
2023-04-12,129515.19234,129.51519234,29.515192339999995
2023-04-13,130387.15884,130.38715884,30.387158840000005
2023-04-14,130115.25744,130.11525744000002,30.115257440000008
2023-04-17,130549.45144,130.54945144,30.54945144000001
2023-04-18,130652.08194,130.65208194,30.65208194
2023-04-19,130269.28714,130.26928714,30.26928713999999
2023-04-20,129631.40904,129.63140904,29.63140903999999
2023-04-21,129464.28774,129.46428774,29.464287740000007
2023-04-24,129608.45694,129.60845694,29.608456940000003
2023-04-25,128362.23774,128.36223773999998,28.362237739999998
2023-04-26,127447.40814,127.44740814,27.447408139999997
2023-04-27,128852.78884,128.85278884,28.85278884
2023-04-28,129779.07224,129.77907224,29.779072240000005
2023-05-01,129700.95294,129.70095294,29.700952940000015
2023-05-02,128656.36354,128.65636354,28.656363540000008
2023-05-03,128490.71524,128.49071524,28.490715239999997
2023-05-04,127497.46414,127.49746414,27.497464140000005
2023-05-05,129367.05634,129.36705633999998,29.367056339999987
2023-05-08,129382.15904,129.38215903999998,29.38215903999999
2023-05-09,129143.23874,129.14323874,29.14323874
2023-05-10,129000.33604,129.00033603999998,29.000336039999986
2023-05-11,128665.31464,128.66531464,28.665314639999995
2023-05-12,128666.74174,128.66674174,28.666741739999992
2023-05-15,129365.70274,129.36570274,29.36570273999999
2023-05-16,128038.32854,128.03832854,28.038328540000013
2023-05-17,129036.63754,129.03663754,29.036637539999987
2023-05-18,129629.40974,129.62940974,29.629409740000014
2023-05-19,129213.64844,129.21364844000001,29.213648440000007
2023-05-22,129149.80374,129.14980374,29.149803740000003
2023-05-23,128413.91884,128.41391884,28.413918839999997
2023-05-24,127333.73644,127.33373644,27.33373643999999
2023-05-25,127146.64424,127.14664424,27.146644239999993
2023-05-26,128247.42494,128.24742493999997,28.247424939999988
2023-05-29,128247.42494,128.24742493999997,28.247424939999988
2023-05-30,128041.31894,128.04131894,28.041318939999993
2023-05-31,127028.82934,127.02882933999999,27.028829339999994
2023-06-01,127688.92994,127.68892994000001,27.68892994000001
2023-06-02,129811.07594,129.81107594,29.811075939999988
2023-06-05,129252.89324,129.25289324,29.25289324
2023-06-06,129994.86494,129.99486494,29.99486494000001
2023-06-07,130996.17674,130.99617673999998,30.996176739999992
2023-06-08,131072.27754,131.07227754000002,31.072277540000016
2023-06-09,130813.99504,130.81399504,30.81399504
2023-06-12,131594.09944,131.59409944,31.59409944
2023-06-13,132451.48794,132.45148794,32.45148793999999
2023-06-14,132454.02594,132.45402594,32.454025939999994
2023-06-15,133290.05234,133.29005234,33.290052339999995
2023-06-16,133064.12994,133.06412994000002,33.06412994000001
2023-06-19,133029.20994,133.02920994000002,33.02920994
2023-06-20,131757.32754,131.75732754,31.757327540000002
2023-06-21,131572.73634,131.57273634,31.572736339999995
2023-06-22,131170.28504,131.17028503999998,31.17028503999999
2023-06-23,130158.68744,130.15868744,30.158687439999987
2023-06-26,130444.85474,130.44485474,30.444854740000004
2023-06-27,131978.78514,131.97878513999999,31.97878513999999
2023-06-28,132195.44754,132.19544753999998,32.19544753999999
2023-06-29,132882.06554,132.88206554,32.88206554000001
2023-06-30,133842.30454,133.84230454000001,33.842304540000015
2023-07-03,134374.73774,134.37473774000003,34.374737740000015
2023-07-04,134304.60774,134.30460774000002,34.304607740000016
2023-07-05,133529.40114,133.52940114,33.529401140000004
2023-07-06,132237.87004,132.23787004000002,32.237870040000004
2023-07-07,132408.45074,132.40845074,32.408450740000006
2023-07-10,133308.41374,133.30841374,33.30841374
2023-07-11,134777.88084,134.77788084,34.777880839999995
2023-07-12,135923.40654,135.92340654,35.92340653999999
2023-07-13,136612.70224,136.61270224,36.61270224000002
2023-07-14,135731.45554,135.73145553999998,35.73145553999999
2023-07-17,135904.57024,135.90457024,35.90457024
2023-07-18,136468.03114,136.46803114000002,36.468031140000015
2023-07-19,137222.88944,137.22288944000002,37.22288944
2023-07-20,137145.97184,137.14597184000002,37.145971840000016
2023-07-21,137287.52964,137.28752964,37.287529639999995
2023-07-24,137728.44554,137.72844554,37.72844553999999
2023-07-25,138005.31824,138.00531824,38.005318239999994
2023-07-26,138452.13094,138.45213094,38.452130939999996
2023-07-27,137701.29604,137.70129604,37.70129603999999
2023-07-28,138525.20854,138.52520854,38.52520853999999
2023-07-31,138948.46514,138.94846514,38.94846513999999
2023-08-01,138498.18084,138.49818083999997,38.49818083999998
2023-08-02,136955.26554,136.95526554,36.95526553999999
2023-08-03,136274.12834,136.27412833999998,36.27412833999999
2023-08-04,135705.25514,135.70525514,35.705255140000006
2023-08-07,136497.67554,136.49767554000002,36.49767554000001
2023-08-08,136120.20154,136.12020154,36.12020154000002
2023-08-09,135870.52054,135.87052054,35.870520539999994
2023-08-10,135879.53764,135.87953764,35.87953764
2023-08-11,135661.60204,135.66160204,35.66160204
2023-08-14,135767.43214,135.76743214,35.76743214
2023-08-15,134258.18674,134.25818674,34.258186740000006
2023-08-16,133542.11384,133.54211384,33.54211384000001
2023-08-17,132781.34044,132.78134044,32.78134044000001
2023-08-18,133004.07964,133.00407964000001,33.00407964000001
2023-08-21,132970.31654,132.97031654,32.97031654
2023-08-22,132780.52004,132.78052004,32.780520040000006
2023-08-23,133916.95274,133.91695274000003,33.91695274000001
2023-08-24,132630.96154,132.63096154,32.63096153999998
2023-08-25,133361.82014,133.36182014,33.36182014
2023-08-28,134108.87674,134.10887674,34.10887674000001
2023-08-29,135250.84514,135.25084514,35.25084513999999
2023-08-30,135366.46014,135.36646014,35.36646014
2023-08-31,135016.66724,135.01666724,35.01666724000001
2023-09-01,135459.56674,135.45956674,35.459566740000014
2023-09-04,135319.66674,135.31966673999997,35.319666739999974
2023-09-05,134051.68974,134.05168974,34.05168973999999
2023-09-06,133785.58944,133.78558944,33.78558944000001
2023-09-07,133191.78554,133.19178554,33.19178554000002
2023-09-08,133510.42664,133.51042664,33.51042663999999
2023-09-11,133650.23354,133.65023354,33.65023353999999
2023-09-12,133588.38764,133.58838764,33.58838764000001
2023-09-13,133280.60854,133.28060854,33.28060853999999
2023-09-14,134398.94664,134.39894664000002,34.398946640000005
2023-09-15,133546.07814,133.54607814,33.54607813999999
2023-09-18,133490.88124,133.49088124,33.49088123999999
2023-09-19,133319.32214,133.31932214,33.31932214
2023-09-20,133227.21464,133.22721463999997,33.22721463999998
2023-09-21,131849.45874,131.84945874,31.849458740000003
2023-09-22,131402.13124,131.40213124,31.402131239999996
2023-09-25,131341.52484,131.34152483999998,31.34152483999999
2023-09-26,129918.08383999999,129.91808383999998,29.918083839999987
2023-09-27,129651.62294,129.65162294,29.65162294000001
2023-09-28,129813.71863999999,129.81371864,29.813718639999998
2023-09-29,129634.53874,129.63453873999998,29.634538739999993
2023-10-02,128508.46324,128.50846324,28.508463240000005
2023-10-03,127255.28984,127.25528984,27.255289840000007
2023-10-04,127569.21914,127.56921914000002,27.569219140000012
2023-10-05,127059.56444,127.05956443999999,27.059564439999995
2023-10-06,127683.21754,127.68321754,27.683217540000005
2023-10-09,128396.34034,128.39634034,28.396340340000002
2023-10-10,129526.00564,129.52600564,29.526005640000008
2023-10-11,129864.13544,129.86413543999998,29.864135439999995
2023-10-12,128773.05963999999,128.77305963999999,28.773059639999985
2023-10-13,128568.28154,128.56828154,28.568281539999994
2023-10-16,129408.24704,129.40824704,29.408247040000003
2023-10-17,130221.18204,130.22118204,30.221182039999995
2023-10-18,129001.20324,129.00120324,29.001203239999995
2023-10-19,128006.31954,128.00631954,28.006319539999993
2023-10-20,127095.41434,127.09541434,27.09541434
2023-10-23,126176.68354,126.17668354,26.17668354
2023-10-24,127109.97454,127.10997454,27.109974539999993
2023-10-25,126227.30473999999,126.22730474,26.22730473999999
2023-10-26,125617.53234,125.61753234000001,25.617532340000015
2023-10-27,124477.04574,124.47704574000001,24.47704574
2023-10-30,125324.15724,125.32415724,25.324157240000012
2023-10-31,125855.36014,125.85536014,25.855360140000005
2023-11-01,126420.87334,126.42087334,26.420873340000007
2023-11-02,128361.5557,128.3615557,28.361555700000007
2023-11-03,129965.3746,129.9653746,29.965374599999993
2023-11-06,129561.13754,129.56113754,29.561137540000004
2023-11-07,129577.39563,129.57739562999998,29.57739562999999
2023-11-08,129476.96674999999,129.47696675,29.47696675
2023-11-09,128603.02479,128.60302478999998,28.603024789999985
2023-11-10,129903.38368,129.90338368000002,29.903383680000005
2023-11-13,129561.13879,129.56113879,29.561138789999998
2023-11-14,132402.09044,132.40209044,32.402090439999995
2023-11-15,133034.98077,133.03498077,33.03498077
2023-11-16,132557.54023,132.55754023000003,32.557540230000015
2023-11-17,133215.3091,133.2153091,33.21530910000001
2023-11-20,133541.75808,133.54175808,33.541758079999994
2023-11-21,132833.74063,132.83374063,32.833740629999994
2023-11-22,133358.59544,133.35859544,33.358595439999995
2023-11-23,133222.94544,133.22294544000002,33.22294544000002
2023-11-24,133801.55844,133.80155843999998,33.801558439999994
2023-11-27,133636.13088,133.63613088000002,33.63613088000002
2023-11-28,133893.09305999998,133.89309305999998,33.89309305999999
2023-11-29,134232.4869,134.23248689999997,34.232486899999984
2023-11-30,134599.05204,134.59905204,34.599052040000004
2023-12-01,136339.5472,136.3395472,36.33954720000001
2023-12-04,136355.084,136.355084,36.355084000000005
2023-12-05,135452.5105,135.4525105,35.4525105
2023-12-06,135554.3691,135.5543691,35.5543691
2023-12-07,136105.7088,136.1057088,36.10570879999999
2023-12-08,136187.5807,136.18758069999998,36.18758069999999
2023-12-11,137109.4809,137.1094809,37.109480899999994
2023-12-12,136954.0612,136.9540612,36.9540612
2023-12-13,139196.7386,139.1967386,39.19673860000002
2023-12-14,140586.2643,140.5862643,40.58626430000001
2023-12-15,140024.1753,140.0241753,40.024175299999996
2023-12-18,140048.0419,140.04804190000002,40.04804190000002
2023-12-19,141322.9989,141.3229989,41.322998899999995
2023-12-20,139567.5676,139.56756760000002,39.56756760000002
2023-12-21,141040.2375,141.0402375,41.04023749999999
2023-12-22,141583.73559999999,141.58373559999998,41.5837356
2023-12-25,141583.73559999999,141.58373559999998,41.5837356
2023-12-26,142443.7807,142.44378070000002,42.44378070000001
2023-12-27,142660.9917,142.6609917,42.66099170000002
2023-12-28,142560.4091,142.5604091,42.56040909999999
2023-12-29,142172.9833,142.1729833,42.17298329999999
2024-01-01,142172.9833,142.1729833,42.17298329999999
2024-01-02,141845.4504,141.8454504,41.845450400000004
2024-01-03,140210.561,140.21056099999998,40.21056099999998
2024-01-04,140017.796,140.017796,40.017796
2024-01-05,140645.4107,140.6454107,40.645410700000006
2024-01-08,141647.6097,141.6476097,41.64760970000001
2024-01-09,141104.0361,141.1040361,41.104036099999995
2024-01-10,140979.2401,140.9792401,40.979240100000005
2024-01-11,140177.4228,140.17742280000002,40.17742280000001
2024-01-12,140166.8695,140.1668695,40.16686949999999
2024-01-15,140138.8695,140.1388695,40.138869500000006
2024-01-16,139028.7217,139.0287217,39.028721700000006
2024-01-17,138075.1969,138.0751969,38.07519690000001
2024-01-18,138567.1483,138.5671483,38.56714830000001
2024-01-19,139608.3174,139.6083174,39.60831739999999
2024-01-22,140218.1702,140.2181702,40.2181702
2024-01-23,140486.1007,140.4861007,40.48610070000001
2024-01-24,139924.3543,139.9243543,39.92435430000001
2024-01-25,141345.484,141.345484,41.345484
2024-01-26,141341.6807,141.34168069999998,41.3416807
2024-01-29,141894.9767,141.8949767,41.8949767
2024-01-30,141666.5028,141.6665028,41.666502799999996
2024-01-31,140311.0829,140.3110829,40.3110829
2024-02-01,141693.3739,141.6933739,41.69337390000001
2024-02-02,141173.9874,141.17398740000002,41.17398740000002
2024-02-05,139865.6682,139.8656682,39.865668199999995
2024-02-06,140468.6837,140.46868369999999,40.468683699999985
2024-02-07,140493.8828,140.4938828,40.493882799999994
2024-02-08,140856.3323,140.85633230000002,40.856332300000005
2024-02-09,140760.8063,140.7608063,40.760806300000006
2024-02-12,141686.8625,141.6868625,41.6868625
2024-02-13,139435.5498,139.43554980000002,39.43554980000001
2024-02-14,140359.1213,140.3591213,40.35912129999999
2024-02-15,141622.0368,141.62203680000002,41.622036800000004
2024-02-16,141251.4971,141.2514971,41.2514971
2024-02-19,141174.2971,141.1742971,41.174297100000004
2024-02-20,141147.4456,141.1474456,41.14744560000001
2024-02-21,140851.3922,140.8513922,40.85139220000001
2024-02-22,141400.4002,141.4004002,41.4004002
2024-02-23,141771.7318,141.7717318,41.7717318
2024-02-26,141172.5682,141.1725682,41.172568200000015
2024-02-27,141841.4153,141.8414153,41.84141529999999
2024-02-28,141754.57259999998,141.7545726,41.754572599999996
2024-02-29,142535.9906,142.5359906,42.5359906
2024-03-01,143345.0889,143.3450889,43.34508889999999
2024-03-04,143766.8083,143.7668083,43.766808300000015
2024-03-05,143263.4131,143.2634131,43.263413100000015
2024-03-06,144121.7685,144.1217685,44.1217685
2024-03-07,145153.9921,145.15399209999998,45.153992099999996
2024-03-08,145000.723,145.000723,45.000723
2024-03-11,145090.0723,145.0900723,45.090072299999996
2024-03-12,145376.4651,145.3764651,45.3764651
2024-03-13,145299.2398,145.2992398,45.29923980000001
2024-03-14,144115.8328,144.1158328,44.1158328
2024-03-15,144226.8574,144.2268574,44.22685740000001
2024-03-18,144244.7395,144.24473949999998,44.24473949999999
2024-03-19,144695.3715,144.6953715,44.6953715
2024-03-20,146036.5809,146.0365809,46.036580900000004
2024-03-21,147117.4746,147.1174746,47.117474599999994
2024-03-22,146452.7134,146.45271340000002,46.452713400000015
2024-03-25,146488.1536,146.48815359999998,46.48815359999998
2024-03-26,146015.3526,146.0153526,46.0153526
2024-03-27,148415.8089,148.4158089,48.415808900000016
2024-03-28,148841.521,148.841521,48.84152100000001
2024-03-29,148841.521,148.841521,48.84152100000001
2024-04-01,148446.5617,148.4465617,48.44656169999999
2024-04-02,147591.1635,147.5911635,47.591163499999986
2024-04-03,147462.4379,147.4624379,47.4624379
2024-04-04,146290.1729,146.29017290000002,46.290172900000016
2024-04-05,146702.9517,146.7029517,46.70295170000001
2024-04-08,146791.78399999999,146.79178399999998,46.79178399999999
2024-04-09,147227.4502,147.2274502,47.227450199999986
2024-04-10,145563.9069,145.5639069,45.563906900000006
2024-04-11,145827.6652,145.82766519999998,45.82766519999999
2024-04-12,144131.2,144.1312,44.131200000000014
2024-04-15,143350.002,143.35000200000002,43.35000200000001
2024-04-16,142464.9393,142.4649393,42.46493929999999
2024-04-17,142288.7256,142.28872560000002,42.28872560000001
2024-04-18,142084.2001,142.08420009999998,42.08420009999998
2024-04-19,142549.3101,142.5493101,42.54931010000001
2024-04-22,143497.74539999999,143.49774539999999,43.49774539999998
2024-04-23,144499.0607,144.4990607,44.4990607
2024-04-24,144775.489,144.775489,44.77548899999999
2024-04-25,144451.4742,144.4514742,44.45147419999999
2024-04-26,144918.7648,144.91876480000002,44.91876480000001
2024-04-29,145701.4227,145.7014227,45.701422699999995
2024-04-30,143861.7135,143.8617135,43.86171350000001
2024-05-01,143597.4698,143.5974698,43.597469799999985
2024-05-02,144489.8624,144.48986240000002,44.489862400000014
2024-05-03,145386.8531,145.38685310000002,45.38685310000001
2024-05-06,146185.7034,146.1857034,46.18570339999999
2024-05-07,146516.0471,146.51604709999998,46.516047099999994
2024-05-08,146998.0146,146.9980146,46.99801459999999
2024-05-09,147934.0798,147.9340798,47.93407980000002
2024-05-10,148008.1316,148.00813159999998,48.00813159999999
2024-05-13,148227.4161,148.2274161,48.227416100000006
2024-05-14,148857.4681,148.8574681,48.8574681
2024-05-15,149782.6588,149.7826588,49.782658800000014
2024-05-16,149956.6116,149.9566116,49.9566116
2024-05-17,149965.9818,149.9659818,49.9659818
2024-05-20,150144.774,150.144774,50.14477400000001
2024-05-21,150076.902,150.07690200000002,50.07690200000001
2024-05-22,149511.8142,149.5118142,49.51181419999999
2024-05-23,147944.1503,147.94415030000002,47.94415030000001
2024-05-24,148692.5582,148.6925582,48.6925582
2024-05-27,148692.5582,148.6925582,48.6925582
2024-05-28,148268.0597,148.2680597,48.26805970000001
2024-05-29,146730.722,146.73072200000001,46.730722000000014
2024-05-30,147569.7342,147.56973420000003,47.56973420000001
2024-05-31,148858.8582,148.8588582,48.85885819999998
2024-06-03,148642.4654,148.6424654,48.64246539999999
2024-06-04,148140.5556,148.1405556,48.14055559999999
2024-06-05,148463.9366,148.46393659999998,48.46393659999999
2024-06-06,148389.7257,148.3897257,48.38972570000002
2024-06-07,147602.4645,147.6024645,47.60246450000001
2024-06-10,147724.2106,147.7242106,47.724210599999985
2024-06-11,147157.1725,147.15717249999997,47.15717249999998
2024-06-12,147445.1317,147.4451317,47.4451317
2024-06-13,146682.0654,146.6820654,46.68206539999999
2024-06-14,146371.9352,146.3719352,46.3719352
2024-06-17,147046.4439,147.0464439,47.046443900000014
2024-06-18,147501.0561,147.5010561,47.50105609999999
2024-06-19,147543.8561,147.5438561,47.543856100000006
2024-06-20,147764.9704,147.76497039999998,47.76497039999998
2024-06-21,147911.3451,147.9113451,47.91134510000001
2024-06-24,148394.2431,148.3942431,48.3942431
2024-06-25,147486.4018,147.48640179999998,47.48640179999999
2024-06-26,147213.8867,147.2138867,47.213886699999996
2024-06-27,146949.6573,146.94965729999998,46.949657299999984
2024-06-28,147193.7419,147.1937419,47.193741899999985
2024-07-01,146737.2991,146.7372991,46.737299099999994
2024-07-02,146956.0631,146.9560631,46.9560631
2024-07-03,147438.5231,147.4385231,47.43852309999998
2024-07-04,147575.42309999999,147.57542309999997,47.57542309999998
2024-07-05,147453.8444,147.4538444,47.4538444
2024-07-08,147665.3189,147.66531890000002,47.66531890000001
2024-07-09,147186.1994,147.18619940000002,47.18619940000002
2024-07-10,148343.8761,148.3438761,48.343876099999996
2024-07-11,149487.8017,149.4878017,49.4878017
2024-07-12,150226.6836,150.2266836,50.2266836
2024-07-15,150367.4456,150.36744560000002,50.36744560000002
2024-07-16,152613.5123,152.6135123,52.6135123
2024-07-17,152338.9062,152.3389062,52.33890619999999
2024-07-18,151500.8155,151.50081550000002,51.50081550000001
2024-07-19,150376.7906,150.3767906,50.3767906
2024-07-22,151463.5499,151.4635499,51.46354990000002
2024-07-23,150750.77,150.75077,50.75076999999999
2024-07-24,149889.9869,149.8899869,49.8899869
2024-07-25,149292.4629,149.29246290000003,49.292462900000025
2024-07-26,151470.2191,151.47021909999998,51.47021909999998
2024-07-29,151446.6318,151.4466318,51.4466318
2024-07-30,151494.026,151.49402600000002,51.49402600000001
2024-07-31,152205.0688,152.2050688,52.2050688
2024-08-01,150521.1653,150.5211653,50.52116529999999
2024-08-02,147627.47904,147.62747904,47.62747904
2024-08-05,144480.15463,144.48015463000002,44.480154630000015
2024-08-06,145069.20893,145.06920893,45.069208929999995
2024-08-07,144325.40929,144.32540929,44.32540929000002
2024-08-08,146350.41353,146.35041353,46.35041353
2024-08-09,146311.55913,146.31155913,46.31155913
2024-08-12,146149.18809,146.14918809000002,46.14918809000002
2024-08-13,147724.3511,147.7243511,47.72435109999999
2024-08-14,148011.3925,148.0113925,48.01139249999999
2024-08-15,149994.8611,149.9948611,49.9948611
2024-08-16,150317.0709,150.3170709,50.31707089999999
2024-08-19,151291.8389,151.2918389,51.291838899999995
2024-08-20,150782.9461,150.7829461,50.782946100000004
2024-08-21,151604.808,151.604808,51.60480799999998
2024-08-22,150619.4506,150.61945060000002,50.619450600000015
2024-08-23,152268.30789999999,152.2683079,52.26830789999999
2024-08-26,152313.0823,152.3130823,52.313082300000005
2024-08-27,152143.796,152.143796,52.14379600000001
2024-08-28,151468.4486,151.4684486,51.468448599999995
2024-08-29,152098.23619999998,152.09823619999997,52.09823619999998
2024-08-30,152924.5011,152.9245011,52.9245011
2024-09-02,152881.0011,152.8810011,52.881001100000006
2024-09-03,150700.6907,150.7006907,50.70069070000001
2024-09-04,150454.829,150.454829,50.454829000000004
2024-09-05,150016.6928,150.0166928,50.01669279999999
2024-09-06,148350.9065,148.3509065,48.3509065
2024-09-09,149528.9838,149.5289838,49.52898379999999
2024-09-10,149152.547,149.152547,49.152547
2024-09-11,149482.9934,149.4829934,49.4829934
2024-09-12,150400.3083,150.4003083,50.4003083
2024-09-13,151902.941,151.902941,51.90294099999999
2024-09-16,152636.0975,152.6360975,52.6360975
2024-09-17,152796.5584,152.7965584,52.796558400000016
2024-09-18,152503.5917,152.5035917,52.50359169999999
2024-09-19,153618.5778,153.6185778,53.61857779999999
2024-09-20,153299.4745,153.2994745,53.29947450000001
2024-09-23,153816.5122,153.81651219999998,53.81651219999999
2024-09-24,154255.9482,154.2559482,54.25594820000001
2024-09-25,153499.0432,153.4990432,53.49904319999999
2024-09-26,154836.6022,154.8366022,54.836602199999994
2024-09-27,155223.0951,155.2230951,55.22309510000001
2024-09-30,154853.0024,154.8530024,54.853002399999994
2024-10-01,154345.7969,154.34579689999998,54.34579689999999
2024-10-02,153869.0121,153.8690121,53.86901209999999
2024-10-03,153135.0285,153.13502849999998,53.13502849999998
2024-10-04,154252.4801,154.25248009999999,54.252480099999985
2024-10-07,153362.6787,153.3626787,53.3626787
2024-10-08,153485.0271,153.4850271,53.4850271
2024-10-09,154452.8299,154.4528299,54.45282990000002
2024-10-10,154147.6411,154.14764110000002,54.14764110000001
2024-10-11,155437.0065,155.4370065,55.43700649999999
2024-10-14,156000.2473,156.00024729999998,56.0002473
2024-10-15,155666.5801,155.66658009999998,55.66658009999998
2024-10-16,156722.6983,156.7226983,56.72269829999998
2024-10-17,156769.7427,156.7697427,56.769742699999995
2024-10-18,157247.6231,157.2476231,57.2476231
2024-10-21,156070.9213,156.07092129999998,56.07092129999997
2024-10-22,155378.4697,155.37846969999998,55.378469699999975
2024-10-23,154614.3479,154.61434789999998,54.61434789999999
2024-10-24,154035.2857,154.0352857,54.0352857
2024-10-25,153792.4545,153.7924545,53.792454499999984
2024-10-28,154620.7823,154.62078229999997,54.62078229999998
2024-10-29,153643.5381,153.6435381,53.6435381
2024-10-30,153713.41389999999,153.7134139,53.71341389999999
2024-10-31,152665.0197,152.66501970000002,52.665019700000016
2024-11-01,152930.5189,152.9305189,52.9305189
2024-11-04,152711.8439,152.71184390000002,52.71184390000001
2024-11-05,154345.4719,154.3454719,54.34547190000001
2024-11-06,156742.8453,156.74284529999997,56.74284529999998
2024-11-07,156917.5949,156.91759489999998,56.91759489999999
2024-11-08,157029.43289999999,157.0294329,57.029432899999975
2024-11-11,157036.5933,157.03659330000002,57.036593300000014
2024-11-12,155753.2267,155.7532267,55.7532267
2024-11-13,155599.9651,155.5999651,55.599965100000006
2024-11-14,155226.1385,155.2261385,55.2261385
2024-11-15,154241.8487,154.2418487,54.24184869999999
2024-11-18,154804.29869999998,154.80429869999998,54.80429869999999
2024-11-19,154524.2815,154.52428150000003,54.524281500000015
2024-11-20,154635.7177,154.63571770000001,54.63571770000002
2024-11-21,156359.0069,156.3590069,56.3590069
2024-11-22,157850.8085,157.85080850000003,57.850808500000014
2024-11-25,159271.9319,159.2719319,59.2719319
2024-11-26,158999.7609,158.99976089999998,58.999760899999984
2024-11-27,158533.7469,158.53374689999998,58.5337469
2024-11-28,158571.9469,158.5719469,58.57194690000001
2024-11-29,159018.28889999999,159.0182889,59.01828889999998
2024-12-02,158781.1069,158.78110690000003,58.781106900000026
2024-12-03,158347.4296,158.3474296,58.34742960000001
2024-12-04,158762.101,158.762101,58.76210099999999
2024-12-05,158103.0253,158.1030253,58.1030253
2024-12-06,157330.1913,157.33019130000002,57.33019130000001
2024-12-09,157035.0476,157.0350476,57.0350476
2024-12-10,156627.9943,156.62799429999998,56.62799429999998
2024-12-11,156395.259,156.395259,56.395258999999996
2024-12-12,155865.4061,155.8654061,55.865406099999994
2024-12-13,155359.2703,155.35927030000002,55.359270300000006
2024-12-16,154736.5507,154.73655069999998,54.73655069999999
2024-12-17,153915.9533,153.91595329999998,53.915953299999984
2024-12-18,151099.1624,151.0991624,51.09916240000001
2024-12-19,150592.606,150.592606,50.592605999999996
2024-12-20,151654.7377,151.6547377,51.6547377
2024-12-23,152188.048,152.188048,52.18804800000001
2024-12-24,153156.9503,153.1569503,53.156950300000005
2024-12-25,153156.9503,153.1569503,53.156950300000005
2024-12-26,153390.7921,153.3907921,53.3907921
2024-12-27,152628.7065,152.6287065,52.6287065
2024-12-30,151322.4097,151.32240969999998,51.322409699999994
2024-12-31,151441.1335,151.44113349999998,51.44113349999999
2025-01-01,151441.1335,151.44113349999998,51.44113349999999
2025-01-02,151447.7966,151.4477966,51.447796600000004
2025-01-03,152132.2692,152.1322692,52.1322692
2025-01-06,152149.5935,152.14959349999998,52.149593499999995
2025-01-07,151983.1997,151.9831997,51.98319970000001
2025-01-08,151602.4792,151.6024792,51.602479200000005
2025-01-09,151484.2592,151.4842592,51.4842592
2025-01-10,149759.6824,149.7596824,49.759682399999996
2025-01-13,149974.0226,149.97402259999998,49.97402259999999
2025-01-14,150810.32,150.81032000000002,50.81032000000001
2025-01-15,152423.9292,152.4239292,52.42392920000001
2025-01-16,152994.56769999999,152.9945677,52.9945677
2025-01-17,154022.4219,154.02242189999998,54.0224219
2025-01-20,154022.3919,154.02239189999997,54.022391899999974
2025-01-21,155163.8716,155.1638716,55.1638716
2025-01-22,154513.80299999999,154.513803,54.513802999999996
2025-01-23,154905.4639,154.9054639,54.905463899999994
2025-01-24,154490.9443,154.49094430000002,54.49094430000001
2025-01-27,154726.8381,154.72683809999998,54.72683809999999
2025-01-28,153915.7113,153.9157113,53.91571129999999
2025-01-29,153819.8013,153.8198013,53.819801299999995
2025-01-30,155184.1615,155.1841615,55.18416149999999
2025-01-31,154053.8982,154.0538982,54.05389819999999
2025-02-03,153395.7765,153.3957765,53.395776500000004
2025-02-04,153677.3361,153.6773361,53.677336099999984
2025-02-05,154819.8829,154.81988289999998,54.819882899999996
2025-02-06,154405.5985,154.4055985,54.405598499999996
2025-02-07,152894.7581,152.89475810000002,52.89475810000002
2025-02-10,153833.0757,153.83307569999997,53.83307569999998
2025-02-11,154354.2697,154.3542697,54.35426970000001
2025-02-12,153966.8085,153.9668085,53.96680850000002
2025-02-13,154883.4613,154.8834613,54.88346129999999
2025-02-14,154596.1181,154.5961181,54.5961181
2025-02-17,154539.7181,154.5397181,54.5397181
2025-02-18,155879.9873,155.8799873,55.87998730000001
2025-02-19,155901.1965,155.90119649999997,55.90119649999998
2025-02-20,155891.5181,155.89151809999998,55.89151809999999
2025-02-21,154565.0649,154.56506489999998,54.565064899999996
2025-02-24,154681.7943,154.6817943,54.68179430000002
2025-02-25,154626.5545,154.6265545,54.626554500000005
2025-02-26,154101.8913,154.10189129999998,54.101891299999984
2025-02-27,152947.5217,152.9475217,52.94752170000001
2025-02-28,154104.8717,154.1048717,54.104871699999975
2025-03-03,152759.1517,152.7591517,52.75915169999998
2025-03-04,150775.1317,150.7751317,50.77513170000001
2025-03-05,151915.9167,151.9159167,51.9159167
2025-03-06,151199.6017,151.1996017,51.199601699999995
2025-03-07,152639.8117,152.6398117,52.63981169999998
2025-03-10,151189.0317,151.1890317,51.1890317
2025-03-11,149225.1517,149.2251517,49.22515169999999
2025-03-12,148586.1217,148.58612169999998,48.586121699999985
2025-03-13,147878.7417,147.8787417,47.87874170000001
2025-03-14,149554.6617,149.5546617,49.554661700000004
2025-03-17,151002.9217,151.0029217,51.0029217
2025-03-18,150498.6017,150.4986017,50.4986017
2025-03-19,151278.2717,151.2782717,51.27827170000001
2025-03-20,151135.9417,151.1359417,51.1359417
2025-03-21,150285.0517,150.28505170000003,50.28505170000002
2025-03-24,151730.1417,151.73014170000002,51.73014170000001
2025-03-25,151341.9917,151.34199170000002,51.34199170000002
2025-03-26,151905.7717,151.9057717,51.90577170000002
2025-03-27,151800.1517,151.8001517,51.80015169999999
2025-03-28,150219.9217,150.21992170000001,50.2199217
2025-03-31,150986.9417,150.9869417,50.9869417
2025-04-01,150942.9117,150.9429117,50.9429117
2025-04-02,151496.2517,151.4962517,51.49625169999999
2025-04-03,145949.9367,145.9499367,45.94993669999998
2025-04-04,139400.0317,139.4000317,39.40003169999999
2025-04-07,138026.0317,138.02603169999998,38.02603169999998
2025-04-08,136060.1417,136.0601417,36.0601417
2025-04-09,143983.8917,143.98389170000002,43.98389170000001
2025-04-10,140630.1217,140.6301217,40.6301217
2025-04-11,142671.0417,142.6710417,42.6710417
2025-04-14,144188.46169999999,144.1884617,44.18846169999999
2025-04-15,143911.3817,143.9113817,43.91138169999999
2025-04-16,142712.6517,142.71265169999998,42.71265169999998
2025-04-17,143686.2217,143.6862217,43.686221700000004
2025-04-18,143686.2217,143.6862217,43.686221700000004
2025-04-21,142098.8517,142.0988517,42.098851700000004
2025-04-22,144247.4117,144.2474117,44.247411699999994
2025-04-23,144995.7817,144.99578169999998,44.99578169999998
2025-04-24,146637.9917,146.63799170000001,46.6379917
2025-04-25,146300.1917,146.3001917,46.30019169999999
2025-04-28,146824.1117,146.8241117,46.8241117
2025-04-29,147216.1317,147.2161317,47.216131700000005
2025-04-30,147100.9017,147.10090169999998,47.10090169999999
2025-05-01,146857.5917,146.8575917,46.857591699999986
2025-05-02,148826.1017,148.82610169999998,48.82610169999999
2025-05-05,148836.6917,148.8366917,48.8366917
2025-05-06,148601.9717,148.6019717,48.6019717
2025-05-07,149269.71169999999,149.2697117,49.26971169999999
2025-05-08,150121.3217,150.1213217,50.12132170000001
2025-05-09,150426.3417,150.4263417,50.4263417
2025-05-12,153680.4317,153.68043169999999,53.680431699999986
2025-05-13,154099.71169999999,154.0997117,54.099711699999986
2025-05-14,153192.7717,153.1927717,53.19277170000001
2025-05-15,154340.9917,154.34099170000002,54.34099170000002
2025-05-16,155293.2267,155.29322670000002,55.293226700000005
2025-05-19,155297.6867,155.29768669999999,55.29768669999999
2025-05-20,155388.2817,155.3882817,55.388281699999986
2025-05-21,153232.2217,153.2322217,53.2322217
2025-05-22,152788.2217,152.78822169999998,52.788221699999994
2025-05-23,151889.46169999999,151.8894617,51.8894617
2025-05-26,151889.46169999999,151.8894617,51.8894617
2025-05-27,154022.5917,154.0225917,54.02259169999999
2025-05-28,152736.0317,152.73603169999998,52.736031699999984
2025-05-29,153116.2917,153.1162917,53.116291700000005
2025-05-30,153028.7617,153.0287617,53.02876169999999
2025-06-02,153158.5217,153.15852170000002,53.158521700000016
2025-06-03,154195.1417,154.19514170000002,54.195141700000015
2025-06-04,153627.7317,153.62773170000003,53.62773170000001
2025-06-05,153273.7317,153.2737317,53.273731700000006
2025-06-06,154205.8117,154.20581169999997,54.205811699999984
2025-06-09,154752.9117,154.7529117,54.752911700000006
2025-06-10,155954.96169999999,155.95496169999998,55.954961699999984
2025-06-11,155334.21169999999,155.3342117,55.33421169999999
2025-06-12,155467.5467,155.4675467,55.4675467
2025-06-13,153805.7317,153.8057317,53.8057317
2025-06-16,155107.2417,155.1072417,55.10724170000001
2025-06-17,153729.1617,153.7291617,53.72916169999999
2025-06-18,153694.2417,153.69424170000002,53.69424170000001
2025-06-19,153701.0317,153.7010317,53.7010317
2025-06-20,153866.5317,153.8665317,53.866531699999996
2025-06-23,154717.2217,154.71722169999998,54.717221699999996
2025-06-24,155892.0617,155.89206169999997,55.892061699999985
2025-06-25,155111.8417,155.11184169999999,55.111841699999985
2025-06-26,156096.2017,156.0962017,56.0962017
2025-06-27,156269.3917,156.2693917,56.26939170000001
2025-06-30,156651.2717,156.65127170000002,56.65127170000002
2025-07-01,158581.0617,158.5810617,58.58106169999999
2025-07-02,158991.3417,158.9913417,58.9913417
2025-07-03,159504.4817,159.5044817,59.5044817
2025-07-04,159527.8017,159.5278017,59.527801700000005
2025-07-07,158271.46169999999,158.2714617,58.271461699999996
2025-07-08,158699.3017,158.6993017,58.69930170000002
2025-07-09,158806.5717,158.8065717,58.806571700000006
2025-07-10,159867.1817,159.86718169999997,59.86718169999998
2025-07-11,158890.8917,158.89089170000003,58.89089170000001
2025-07-14,158922.8117,158.9228117,58.9228117
2025-07-15,157304.8717,157.30487169999998,57.30487169999998
2025-07-16,157728.6167,157.72861670000003,57.728616700000025
2025-07-17,158484.7917,158.48479170000002,58.4847917
2025-07-18,158451.3417,158.4513417,58.45134169999999
2025-07-21,159063.3217,159.0633217,59.063321699999996
2025-07-22,160624.0417,160.6240417,60.6240417
2025-07-23,161553.3017,161.55330170000002,61.55330170000002
2025-07-24,160377.5117,160.3775117,60.37751170000001
2025-07-25,160941.8867,160.9418867,60.941886700000005
2025-07-28,160429.9817,160.4299817,60.4299817
2025-07-29,160102.6117,160.1026117,60.10261170000002
2025-07-30,159559.2017,159.5592017,59.559201699999996
2025-07-31,158079.8517,158.0798517,58.079851700000006
2025-08-01,156861.7817,156.8617817,56.8617817
2025-08-04,158664.0117,158.6640117,58.664011699999996
2025-08-05,159035.9817,159.0359817,59.035981699999994
2025-08-06,159125.0117,159.1250117,59.125011699999995
2025-08-07,159707.3817,159.7073817,59.707381700000006
2025-08-08,159773.7917,159.7737917,59.77379170000001
2025-08-11,159363.9267,159.3639267,59.363926700000015
2025-08-12,161231.7217,161.2317217,61.231721699999994
2025-08-13,162787.7717,162.7877717,62.78777170000001
2025-08-14,162257.8717,162.25787169999998,62.25787169999999
2025-08-15,161528.3817,161.52838169999998,61.52838169999999
2025-08-18,161278.2967,161.2782967,61.2782967
2025-08-19,161850.7017,161.8507017,61.8507017
2025-08-20,161617.3717,161.61737169999998,61.61737169999999
2025-08-21,161214.9217,161.2149217,61.214921700000005
2025-08-22,163890.2917,163.8902917,63.8902917
2025-08-25,162979.8167,162.9798167,62.97981669999999
2025-08-26,163236.0417,163.23604170000002,63.236041700000015
2025-08-27,163541.3917,163.54139170000002,63.54139170000002
2025-08-28,163322.2617,163.32226169999998,63.32226169999999
2025-08-29,163421.4017,163.4214017,63.42140169999999
2025-09-01,163393.1117,163.39311170000002,63.39311170000001
2025-09-02,162530.1467,162.53014670000002,62.53014670000001
2025-09-03,162063.3517,162.0633517,62.06335169999999
2025-09-04,163031.1617,163.0311617,63.031161700000006
2025-09-05,163224.9817,163.2249817,63.224981699999994
2025-09-08,162909.7217,162.9097217,62.9097217
2025-09-09,162372.7717,162.37277170000002,62.372771700000015
2025-09-10,161960.8517,161.9608517,61.960851700000006
2025-09-11,163490.9317,163.4909317,63.4909317
2025-09-12,162638.9967,162.6389967,62.63899669999999
2025-09-15,162498.8717,162.4988717,62.498871699999995
2025-09-16,162227.7067,162.22770670000003,62.22770670000002
2025-09-17,162613.3767,162.6133767,62.6133767
2025-09-18,163675.1117,163.6751117,63.675111699999995
2025-09-19,163542.2917,163.54229170000002,63.54229170000001
2025-09-22,163875.1717,163.8751717,63.87517170000001
2025-09-23,164033.5167,164.0335167,64.03351670000002
2025-09-24,163427.7067,163.42770670000002,63.427706700000016
2025-09-25,162664.9517,162.66495170000002,62.66495170000002
2025-09-26,164222.7617,164.2227617,64.2227617
2025-09-29,164337.5017,164.3375017,64.33750169999999
2025-09-30,164903.9917,164.9039917,64.9039917
2025-10-01,165776.7017,165.77670170000002,65.7767017
2025-10-02,165718.7017,165.7187017,65.7187017
2025-10-03,166289.2617,166.2892617,66.2892617
