date,drawdown_pct,running_max,underwater
2020-01-01,0.0,100000.0,False
2020-01-02,0.0,100000.0,False
2020-01-03,0.0,100000.0,False
2020-01-06,0.0,100000.0,False
2020-01-07,0.0,100000.0,False
2020-01-08,0.0,100000.0,False
2020-01-09,0.0,100000.0,False
2020-01-10,0.0,100000.0,False
2020-01-13,0.0,100000.0,False
2020-01-14,0.0,100000.0,False
2020-01-15,0.0,100000.0,False
2020-01-16,0.0,100000.0,False
2020-01-17,0.0,100000.0,False
2020-01-20,0.0,100000.0,False
2020-01-21,0.0,100000.0,False
2020-01-22,0.0,100000.0,False
2020-01-23,0.0,100000.0,False
2020-01-24,0.0,100000.0,False
2020-01-27,0.0,100000.0,False
2020-01-28,0.0,100000.0,False
2020-01-29,0.0,100000.0,False
2020-01-30,0.0,100000.0,False
2020-01-31,0.0,100000.0,False
2020-02-03,0.0,100000.0,False
2020-02-04,0.0,100000.0,False
2020-02-05,0.0,100000.0,False
2020-02-06,0.0,100000.0,False
2020-02-07,0.0,100000.0,False
2020-02-10,0.0,100000.0,False
2020-02-11,0.0,100000.0,False
2020-02-12,0.0,100000.0,False
2020-02-13,0.0,100000.0,False
2020-02-14,0.0,100000.0,False
2020-02-17,0.0,100000.0,False
2020-02-18,0.0,100000.0,False
2020-02-19,0.0,100000.0,False
2020-02-20,0.0,100000.0,False
2020-02-21,0.0,100000.0,False
2020-02-24,0.0,100000.0,False
2020-02-25,0.0,100000.0,False
2020-02-26,0.0,100000.0,False
2020-02-27,0.0,100000.0,False
2020-02-28,0.0,100000.0,False
2020-03-02,0.0,100000.0,False
2020-03-03,0.0,100000.0,False
2020-03-04,0.0,100000.0,False
2020-03-05,0.0,100000.0,False
2020-03-06,0.0,100000.0,False
2020-03-09,0.0,100000.0,False
2020-03-10,0.0,100000.0,False
2020-03-11,0.0,100000.0,False
2020-03-12,0.0,100000.0,False
2020-03-13,0.0,100000.0,False
2020-03-16,0.0,100000.0,False
2020-03-17,0.0,100000.0,False
2020-03-18,0.0,100000.0,False
2020-03-19,0.0,100000.0,False
2020-03-20,0.0,100000.0,False
2020-03-23,0.0,100000.0,False
2020-03-24,0.0,100000.0,False
2020-03-25,0.0,100000.0,False
2020-03-26,0.0,100000.0,False
2020-03-27,0.0,100000.0,False
2020-03-30,0.0,100000.0,False
2020-03-31,0.0,100000.0,False
2020-04-01,0.0,100000.0,False
2020-04-02,0.0,100000.0,False
2020-04-03,0.0,100000.0,False
2020-04-06,0.0,100000.0,False
2020-04-07,0.0,100000.0,False
2020-04-08,0.0,100000.0,False
2020-04-09,0.0,100000.0,False
2020-04-10,0.0,100000.0,False
2020-04-13,0.0,100000.0,False
2020-04-14,0.0,100000.0,False
2020-04-15,0.0,100000.0,False
2020-04-16,0.0,100000.0,False
2020-04-17,0.0,100000.0,False
2020-04-20,0.0,100000.0,False
2020-04-21,0.0,100000.0,False
2020-04-22,0.0,100000.0,False
2020-04-23,0.0,100000.0,False
2020-04-24,0.0,100000.0,False
2020-04-27,0.0,100000.0,False
2020-04-28,0.0,100000.0,False
2020-04-29,0.0,100000.0,False
2020-04-30,0.0,100000.0,False
2020-05-01,0.0,100000.0,False
2020-05-04,0.0,100000.0,False
2020-05-05,0.0,100000.0,False
2020-05-06,0.0,100000.0,False
2020-05-07,0.0,100000.0,False
2020-05-08,0.0,100000.0,False
2020-05-11,0.0,100000.0,False
2020-05-12,0.0,100000.0,False
2020-05-13,0.0,100000.0,False
2020-05-14,0.0,100000.0,False
2020-05-15,0.0,100000.0,False
2020-05-18,0.0,100000.0,False
2020-05-19,0.0,100000.0,False
2020-05-20,0.0,100000.0,False
2020-05-21,0.0,100000.0,False
2020-05-22,0.0,100000.0,False
2020-05-25,0.0,100000.0,False
2020-05-26,0.0,100000.0,False
2020-05-27,0.0,100000.0,False
2020-05-28,0.0,100000.0,False
2020-05-29,0.0,100000.0,False
2020-06-01,0.0,100000.0,False
2020-06-02,0.0,100000.0,False
2020-06-03,0.0,100000.0,False
2020-06-04,0.0,100000.0,False
2020-06-05,0.0,100000.0,False
2020-06-08,0.0,100000.0,False
2020-06-09,0.0,100000.0,False
2020-06-10,0.0,100000.0,False
2020-06-11,0.0,100000.0,False
2020-06-12,0.0,100000.0,False
2020-06-15,0.0,100000.0,False
2020-06-16,0.0,100000.0,False
2020-06-17,0.0,100000.0,False
2020-06-18,0.0,100000.0,False
2020-06-19,0.0,100000.0,False
2020-06-22,0.0,100000.0,False
2020-06-23,0.0,100000.0,False
2020-06-24,0.0,100000.0,False
2020-06-25,0.0,100000.0,False
2020-06-26,0.0,100000.0,False
2020-06-29,0.0,100000.0,False
2020-06-30,0.0,100000.0,False
2020-07-01,0.0,100000.0,False
2020-07-02,0.0,100000.0,False
2020-07-03,0.0,100000.0,False
2020-07-06,0.0,100000.0,False
2020-07-07,0.0,100000.0,False
2020-07-08,0.0,100000.0,False
2020-07-09,0.0,100000.0,False
2020-07-10,0.0,100000.0,False
2020-07-13,0.0,100000.0,False
2020-07-14,0.0,100000.0,False
2020-07-15,0.0,100000.0,False
2020-07-16,0.0,100000.0,False
2020-07-17,0.0,100000.0,False
2020-07-20,0.0,100000.0,False
2020-07-21,0.0,100000.0,False
2020-07-22,0.0,100000.0,False
2020-07-23,0.0,100000.0,False
2020-07-24,0.0,100000.0,False
2020-07-27,0.0,100000.0,False
2020-07-28,0.0,100000.0,False
2020-07-29,0.0,100000.0,False
2020-07-30,0.0,100000.0,False
2020-07-31,0.0,100000.0,False
2020-08-03,0.0,100000.0,False
2020-08-04,0.0,100000.0,False
2020-08-05,0.0,100000.0,False
2020-08-06,0.0,100000.0,False
2020-08-07,0.0,100000.0,False
2020-08-10,0.0,100000.0,False
2020-08-11,0.0,100000.0,False
2020-08-12,0.0,100000.0,False
2020-08-13,0.0,100000.0,False
2020-08-14,0.0,100000.0,False
2020-08-17,0.0,100000.0,False
2020-08-18,0.0,100000.0,False
2020-08-19,0.0,100000.0,False
2020-08-20,0.0,100000.0,False
2020-08-21,0.0,100000.0,False
2020-08-24,0.0,100000.0,False
2020-08-25,0.0,100000.0,False
2020-08-26,0.0,100000.0,False
2020-08-27,0.0,100000.0,False
2020-08-28,0.0,100000.0,False
2020-08-31,0.0,100000.0,False
2020-09-01,0.0,100000.0,False
2020-09-02,0.0,100000.0,False
2020-09-03,0.0,100000.0,False
2020-09-04,0.0,100000.0,False
2020-09-07,0.0,100000.0,False
2020-09-08,0.0,100000.0,False
2020-09-09,0.0,100000.0,False
2020-09-10,0.0,100000.0,False
2020-09-11,0.0,100000.0,False
2020-09-14,0.0,100000.0,False
2020-09-15,0.0,100000.0,False
2020-09-16,0.0,100000.0,False
2020-09-17,0.0,100000.0,False
2020-09-18,0.0,100000.0,False
2020-09-21,0.0,100000.0,False
2020-09-22,0.0,100000.0,False
2020-09-23,0.0,100000.0,False
2020-09-24,0.0,100000.0,False
2020-09-25,0.0,100000.0,False
2020-09-28,0.0,100000.0,False
2020-09-29,0.0,100000.0,False
2020-09-30,0.0,100000.0,False
2020-10-01,0.0,100000.0,False
2020-10-02,0.0,100000.0,False
2020-10-05,0.0,100000.0,False
2020-10-06,0.0,100000.0,False
2020-10-07,0.0,100000.0,False
2020-10-08,0.0,100000.0,False
2020-10-09,0.0,100000.0,False
2020-10-12,0.0,100000.0,False
2020-10-13,0.0,100000.0,False
2020-10-14,0.0,100000.0,False
2020-10-15,0.0,100000.0,False
2020-10-16,0.0,100000.0,False
2020-10-19,0.0,100000.0,False
2020-10-20,0.0,100000.0,False
2020-10-21,0.0,100000.0,False
2020-10-22,0.0,100000.0,False
2020-10-23,0.0,100000.0,False
2020-10-26,0.0,100000.0,False
2020-10-27,0.0,100000.0,False
2020-10-28,0.0,100000.0,False
2020-10-29,0.0,100000.0,False
2020-10-30,0.0,100000.0,False
2020-11-02,0.0,100000.0,False
2020-11-03,0.0,100000.0,False
2020-11-04,0.0,100000.0,False
2020-11-05,0.0,100000.0,False
2020-11-06,0.0,100000.0,False
2020-11-09,0.0,100000.0,False
2020-11-10,0.0,100000.0,False
2020-11-11,0.0,100000.0,False
2020-11-12,0.0,100000.0,False
2020-11-13,0.0,100000.0,False
2020-11-16,0.0,100000.0,False
2020-11-17,0.0,100000.0,False
2020-11-18,0.0,100000.0,False
2020-11-19,0.0,100000.0,False
2020-11-20,0.0,100000.0,False
2020-11-23,0.0,100000.0,False
2020-11-24,0.0,100000.0,False
2020-11-25,0.0,100000.0,False
2020-11-26,0.0,100000.0,False
2020-11-27,0.0,100000.0,False
2020-11-30,0.0,100000.0,False
2020-12-01,0.0,100000.0,False
2020-12-02,0.0,100000.0,False
2020-12-03,0.0,100000.0,False
2020-12-04,0.0,100000.0,False
2020-12-07,0.0,100000.0,False
2020-12-08,0.0,100000.0,False
2020-12-09,0.0,100000.0,False
2020-12-10,0.0,100000.0,False
2020-12-11,0.0,100000.0,False
2020-12-14,0.0,100000.0,False
2020-12-15,0.0,100000.0,False
2020-12-16,0.0,100000.0,False
2020-12-17,0.0,100000.0,False
2020-12-18,-1.1687655999999988,100000.0,True
2020-12-21,-2.4127966000000014,100000.0,True
2020-12-22,-2.571009600000005,100000.0,True
2020-12-23,-1.6860656000000016,100000.0,True
2020-12-24,-0.801140499999994,100000.0,True
2020-12-25,-0.801140499999994,100000.0,True
2020-12-28,-0.8044431000000041,100000.0,True
2020-12-29,-0.08639139999999315,100000.0,True
2020-12-30,-0.06779809999999999,100000.0,True
2020-12-31,-0.7647177999999986,100000.0,True
2021-01-01,-0.7647177999999986,100000.0,True
2021-01-04,0.0,100493.1901,False
2021-01-05,-0.12903232534560494,100493.1901,True
2021-01-06,0.0,101966.7608,False
2021-01-07,0.0,102054.5483,False
2021-01-08,-0.5750889203631893,102054.5483,True
2021-01-11,-0.9413120884882622,102054.5483,True
2021-01-12,-1.4791013483913489,102054.5483,True
2021-01-13,-1.005384686024805,102054.5483,True
2021-01-14,0.0,102106.4163,False
2021-01-15,-0.01526201835759989,102106.4163,True
2021-01-18,0.0,102245.1428,False
2021-01-19,-0.3234559519828784,102245.1428,True
2021-01-20,-0.038733282496817095,102245.1428,True
2021-01-21,-0.1485494526591877,102245.1428,True
2021-01-22,0.0,102395.4745,False
2021-01-25,0.0,102901.73270000001,False
2021-01-26,0.0,104340.0703,False
2021-01-27,-0.2047490474040911,104340.0703,True
2021-01-28,-2.5667804251038557,104340.0703,True
2021-01-29,-4.386016308827436,104340.0703,True
2021-02-01,-4.317287487969051,104340.0703,True
2021-02-02,-4.329842300288353,104340.0703,True
2021-02-03,-3.9465929897883214,104340.0703,True
2021-02-04,-4.4504195623491025,104340.0703,True
2021-02-05,-4.192464014469816,104340.0703,True
2021-02-08,-4.228495330043878,104340.0703,True
2021-02-09,-3.685880687009658,104340.0703,True
2021-02-10,-3.6745425692894162,104340.0703,True
2021-02-11,-4.26567251411945,104340.0703,True
2021-02-12,-4.397065180049057,104340.0703,True
2021-02-15,-3.443167030336966,104340.0703,True
2021-02-16,-4.271389493207959,104340.0703,True
2021-02-17,-4.175785570656268,104340.0703,True
2021-02-18,-5.848967594571388,104340.0703,True
2021-02-19,-6.47641273440852,104340.0703,True
2021-02-22,-6.722282800685441,104340.0703,True
2021-02-23,-6.89718789656595,104340.0703,True
2021-02-24,-6.411911052737718,104340.0703,True
2021-02-25,-7.10680218891898,104340.0703,True
2021-02-26,-8.691675570013487,104340.0703,True
2021-03-01,-7.88300398528676,104340.0703,True
2021-03-02,-8.165713493869477,104340.0703,True
2021-03-03,-8.18412895012206,104340.0703,True
2021-03-04,-8.040099049080297,104340.0703,True
2021-03-05,-7.450416582669293,104340.0703,True
2021-03-08,-7.644701960680979,104340.0703,True
2021-03-09,-7.087922193972304,104340.0703,True
2021-03-10,-6.408999323819699,104340.0703,True
2021-03-11,-6.584922341191865,104340.0703,True
2021-03-12,-5.719131185979285,104340.0703,True
2021-03-15,-5.33113978551728,104340.0703,True
2021-03-16,-4.4687423408799525,104340.0703,True
2021-03-17,-4.852436446939985,104340.0703,True
2021-03-18,-5.596758448800864,104340.0703,True
2021-03-19,-4.757495452827969,104340.0703,True
2021-03-22,-4.018438638142268,104340.0703,True
2021-03-23,-3.993034304098999,104340.0703,True
2021-03-24,-4.598224235622364,104340.0703,True
2021-03-25,-4.057937269762413,104340.0703,True
2021-03-26,-2.914052953249739,104340.0703,True
2021-03-29,-2.295208536005759,104340.0703,True
2021-03-30,-2.586276770028207,104340.0703,True
2021-03-31,-3.561306877900388,104340.0703,True
2021-04-01,-3.3036301299099367,104340.0703,True
2021-04-02,-3.324168739801973,104340.0703,True
2021-04-05,-2.500005695319147,104340.0703,True
2021-04-06,-2.34846736537037,104340.0703,True
2021-04-07,-1.8963374227283842,104340.0703,True
2021-04-08,-0.9747960654766902,104340.0703,True
2021-04-09,-0.8096242388673295,104340.0703,True
2021-04-12,-0.9447303391360694,104340.0703,True
2021-04-13,-1.0412072724087598,104340.0703,True
2021-04-14,-1.479687425512499,104340.0703,True
2021-04-15,-0.9740247414803591,104340.0703,True
2021-04-16,-0.06943842360053452,104340.0703,True
2021-04-19,0.0,104788.5485,False
2021-04-20,-1.098878089717978,104788.5485,True
2021-04-21,-0.5893649724521182,104788.5485,True
2021-04-22,-1.0718295234330961,104788.5485,True
2021-04-23,-1.593150324054735,104788.5485,True
2021-04-26,-2.196656059225782,104788.5485,True
2021-04-27,-2.2861330119483525,104788.5485,True
2021-04-28,-2.444276246464097,104788.5485,True
2021-04-29,-2.6198681433210282,104788.5485,True
2021-04-30,-2.3442305816460567,104788.5485,True
2021-05-03,-1.179927403994921,104788.5485,True
2021-05-04,-1.7098151712636775,104788.5485,True
2021-05-05,-1.2270978254842488,104788.5485,True
2021-05-06,0.0,105135.8048,False
2021-05-07,0.0,105652.1916,False
2021-05-10,0.0,106436.6874,False
2021-05-11,-1.6127692827839633,106436.6874,True
2021-05-12,-2.3547657872711967,106436.6874,True
2021-05-13,-1.9317463275355466,106436.6874,True
2021-05-14,-0.9120846615149271,106436.6874,True
2021-05-17,-0.5715394896816325,106436.6874,True
2021-05-18,-0.4588171728463586,106436.6874,True
2021-05-19,-0.9648506779815396,106436.6874,True
2021-05-20,-0.16316187983880687,106436.6874,True
2021-05-21,-0.2933475361052965,106436.6874,True
2021-05-24,-0.06939299014673782,106436.6874,True
2021-05-25,-0.4256646003058476,106436.6874,True
2021-05-26,-0.28529861969379655,106436.6874,True
2021-05-27,-0.7980134676757998,106436.6874,True
2021-05-28,-0.8658003386903509,106436.6874,True
2021-05-31,-0.8658003386903509,106436.6874,True
2021-06-01,-0.749042759104126,106436.6874,True
2021-06-02,-0.2953078564149178,106436.6874,True
2021-06-03,-0.32201904096461864,106436.6874,True
2021-06-04,-0.20270313298006176,106436.6874,True
2021-06-07,-0.030273208220870793,106436.6874,True
2021-06-08,-0.2922714973558946,106436.6874,True
2021-06-09,-0.18357758473418584,106436.6874,True
2021-06-10,0.0,107079.792,False
2021-06-11,0.0,107328.785,False
2021-06-14,-0.2637970792271613,107328.785,True
2021-06-15,-0.519866967654576,107328.785,True
2021-06-16,-1.2288546823668958,107328.785,True
2021-06-17,-0.9875786817115283,107328.785,True
2021-06-18,-2.7714629397882398,107328.785,True
2021-06-21,-1.5582768406443863,107328.785,True
2021-06-22,-1.4768641050022187,107328.785,True
2021-06-23,-2.220615466764108,107328.785,True
2021-06-24,-2.078087066764064,107328.785,True
2021-06-25,-1.496678453967408,107328.785,True
2021-06-28,-1.7149430136565902,107328.785,True
2021-06-29,-1.995314490888904,107328.785,True
2021-06-30,-2.017401016884713,107328.785,True
2021-07-01,-1.5875272416435129,107328.785,True
2021-07-02,-1.0218402267388071,107328.785,True
2021-07-05,-0.5676006674258011,107328.785,True
2021-07-06,-1.1761952769706636,107328.785,True
2021-07-07,-0.716477504147656,107328.785,True
2021-07-08,-1.5122791150575399,107328.785,True
2021-07-09,-0.35277907972217915,107328.785,True
2021-07-12,-0.45368090209909906,107328.785,True
2021-07-13,-0.5267866397630426,107328.785,True
2021-07-14,-0.49572498188627306,107328.785,True
2021-07-15,-1.0133310462798961,107328.785,True
2021-07-16,-0.6370612506234974,107328.785,True
2021-07-19,-1.222216202298385,107328.785,True
2021-07-20,-1.1226427281367244,107328.785,True
2021-07-21,-0.6925868954912756,107328.785,True
2021-07-22,-0.9591298364180643,107328.785,True
2021-07-23,-0.3061338111672533,107328.785,True
2021-07-26,-0.5611685625622266,107328.785,True
2021-07-27,-0.37567442881236374,107328.785,True
2021-07-28,-0.45299199091836984,107328.785,True
2021-07-29,0.0,107539.9257,False
2021-07-30,-0.15049926708290384,107539.9257,True
2021-08-02,0.0,107704.366,False
2021-08-03,0.0,108822.8583,False
2021-08-04,-0.7615252098189123,108822.8583,True
2021-08-05,-0.4511985879349093,108822.8583,True
2021-08-06,-0.8074230117883352,108822.8583,True
2021-08-09,-0.7152528541882701,108822.8583,True
2021-08-10,-0.3172659727869061,108822.8583,True
2021-08-11,0.0,109319.2898,False
2021-08-12,0.0,109467.4365,False
2021-08-13,0.0,110246.13680000001,False
2021-08-16,0.0,110770.1021,False
2021-08-17,0.0,111709.1535,False
2021-08-18,-0.2549299597011122,111709.1535,True
2021-08-19,-0.6398358394148959,111709.1535,True
2021-08-20,0.0,112236.3886,False
2021-08-23,0.0,112369.8978,False
2021-08-24,-0.7785013754813628,112369.8978,True
2021-08-25,-0.7899507940996019,112369.8978,True
2021-08-26,-1.165335668748823,112369.8978,True
2021-08-27,-0.8366604565871593,112369.8978,True
2021-08-30,-0.5483262084091751,112369.8978,True
2021-08-31,-0.46607126130180304,112369.8978,True
2021-09-01,-0.4087538646849297,112369.8978,True
2021-09-02,0.0,112940.1284,False
2021-09-03,-0.19267075669448092,112940.1284,True
2021-09-06,0.0,112998.6174,False
2021-09-07,-0.8466126595279942,112998.6174,True
2021-09-08,-1.0187583056215297,112998.6174,True
2021-09-09,-1.7486309527181956,112998.6174,True
2021-09-10,-3.193319691007119,112998.6174,True
2021-09-13,-3.0624307443959977,112998.6174,True
2021-09-14,-3.744997237461777,112998.6174,True
2021-09-15,-4.040823600377965,112998.6174,True
2021-09-16,-4.076151731746764,112998.6174,True
2021-09-17,-4.446127497485651,112998.6174,True
2021-09-20,-4.814654395939536,112998.6174,True
2021-09-21,-4.271406775637242,112998.6174,True
2021-09-22,-4.16927340210094,112998.6174,True
2021-09-23,-4.198903322156939,112998.6174,True
2021-09-24,-4.276737991309267,112998.6174,True
2021-09-27,-4.355580017919763,112998.6174,True
2021-09-28,-5.013948073315095,112998.6174,True
2021-09-29,-4.004844399096161,112998.6174,True
2021-09-30,-4.8616992193392985,112998.6174,True
2021-10-01,-5.974775493138028,112998.6174,True
2021-10-04,-5.566449612152514,112998.6174,True
2021-10-05,-5.084552742501079,112998.6174,True
2021-10-06,-4.682597381939297,112998.6174,True
2021-10-07,-3.9752814710102786,112998.6174,True
2021-10-08,-3.9201383184357397,112998.6174,True
2021-10-11,-4.255306224658286,112998.6174,True
2021-10-12,-4.200707149537207,112998.6174,True
2021-10-13,-4.185825905512369,112998.6174,True
2021-10-14,-3.8373433231051193,112998.6174,True
2021-10-15,-3.776901964112004,112998.6174,True
2021-10-18,-3.827630106914918,112998.6174,True
2021-10-19,-3.192317554851777,112998.6174,True
2021-10-20,-2.9090258585765665,112998.6174,True
2021-10-21,-2.817631200503525,112998.6174,True
2021-10-22,-2.2069793041556314,112998.6174,True
2021-10-25,-1.9002620115243944,112998.6174,True
2021-10-26,-1.7607872961461632,112998.6174,True
2021-10-27,-2.3676397654755763,112998.6174,True
2021-10-28,-2.2158979973501856,112998.6174,True
2021-10-29,-2.1290367575771745,112998.6174,True
2021-11-01,-1.5367247316426043,112998.6174,True
2021-11-02,-1.2012304497453092,112998.6174,True
2021-11-03,-0.22095642030395338,112998.6174,True
2021-11-04,0.0,113714.7505,False
2021-11-05,-0.33489428444904185,113714.7505,True
2021-11-08,-0.9654879381720991,113714.7505,True
2021-11-09,-0.35197905130170243,113714.7505,True
2021-11-10,0.0,114766.0453,False
2021-11-11,-0.14065126978806294,114766.0453,True
2021-11-12,-0.24706575822038088,114766.0453,True
2021-11-15,0.0,115147.7018,False
2021-11-16,-1.2429801703606354,115147.7018,True
2021-11-17,-1.9082948818349696,115147.7018,True
2021-11-18,-1.5750244873753976,115147.7018,True
2021-11-19,-1.862429441904848,115147.7018,True
2021-11-22,-0.8263573524486941,115147.7018,True
2021-11-23,-0.5325949110692528,115147.7018,True
2021-11-24,-0.6708965857970751,115147.7018,True
2021-11-25,-0.5130674696626845,115147.7018,True
2021-11-26,-1.4635728491803897,115147.7018,True
2021-11-29,-1.7790599968361607,115147.7018,True
2021-11-30,-3.361774346763375,115147.7018,True
2021-12-01,-3.704622874201377,115147.7018,True
2021-12-02,-2.5553606837162155,115147.7018,True
2021-12-03,-2.3484390549946648,115147.7018,True
2021-12-06,-0.9786270871104733,115147.7018,True
2021-12-07,-0.605687468440636,115147.7018,True
2021-12-08,-1.443146301683279,115147.7018,True
2021-12-09,-1.2890402298936703,115147.7018,True
2021-12-10,-0.518840055564175,115147.7018,True
2021-12-13,0.0,115273.34330000001,False
2021-12-14,-0.13434432937107937,115273.34330000001,True
2021-12-15,0.0,115659.6839,False
2021-12-16,0.0,115982.8562,False
2021-12-17,-0.4890377065916681,115982.8562,True
2021-12-20,-0.18596429426437172,115982.8562,True
2021-12-21,-0.031205301529718496,115982.8562,True
2021-12-22,0.0,116180.1043,False
2021-12-23,-0.07924093419840414,116180.1043,True
2021-12-24,-0.10022525001296673,116180.1043,True
2021-12-27,0.0,116664.3561,False
2021-12-28,0.0,117083.0824,False
2021-12-29,0.0,117785.39630000001,False
2021-12-30,0.0,118087.2754,False
2021-12-31,0.0,118260.0163,False
2022-01-03,-0.12112851366146697,118260.0163,True
2022-01-04,0.0,118845.8635,False
2022-01-05,0.0,119096.5956,False
2022-01-06,-0.4233351066501855,119096.5956,True
2022-01-07,-0.08206657756051489,119096.5956,True
2022-01-10,0.0,119541.6101,False
2022-01-11,-0.3055632258043374,119541.6101,True
2022-01-12,-0.46695640081562223,119541.6101,True
2022-01-13,0.0,119703.8848,False
2022-01-14,-0.3244583086412957,119703.8848,True
2022-01-17,0.0,120146.569,False
2022-01-18,-0.721435832262512,120146.569,True
2022-01-19,-0.5203204762343291,120146.569,True
2022-01-20,-1.6051271509883895,120146.569,True
2022-01-21,-2.1838277379356534,120146.569,True
2022-01-24,-2.6782174695309005,120146.569,True
2022-01-25,-3.3526880821707024,120146.569,True
2022-01-26,-3.5178463564781453,120146.569,True
2022-01-27,-2.3835303195383015,120146.569,True
2022-01-28,-2.3595455314250384,120146.569,True
2022-01-31,-2.3766036132084603,120146.569,True
2022-02-01,-2.1335976726892696,120146.569,True
2022-02-02,-1.5766124790463256,120146.569,True
2022-02-03,-1.9189363618032258,120146.569,True
2022-02-04,-2.454517615063981,120146.569,True
2022-02-07,-2.629721203274651,120146.569,True
2022-02-08,-2.283709408297797,120146.569,True
2022-02-09,-1.7918016452055283,120146.569,True
2022-02-10,-1.772378618652019,120146.569,True
2022-02-11,-1.4457392453712088,120146.569,True
2022-02-14,-2.250857950009382,120146.569,True
2022-02-15,-1.0380763349139068,120146.569,True
2022-02-16,-1.5275284307119923,120146.569,True
2022-02-17,-1.1923595587652633,120146.569,True
2022-02-18,-1.0020390178599297,120146.569,True
2022-02-21,-1.2903139997281123,120146.569,True
2022-02-22,-1.9705434118555711,120146.569,True
2022-02-23,-2.370693997928476,120146.569,True
2022-02-24,-4.5628938434355195,120146.569,True
2022-02-25,-1.609469180930176,120146.569,True
2022-02-28,-1.6789737874245882,120146.569,True
2022-03-01,-1.8488971582700857,120146.569,True
2022-03-02,-1.3604709760792282,120146.569,True
2022-03-03,-0.7577020364185371,120146.569,True
2022-03-04,-0.7678608783243733,120146.569,True
2022-03-07,-1.8219871929925837,120146.569,True
2022-03-08,-3.0692295507831004,120146.569,True
2022-03-09,-1.3394696273016296,120146.569,True
2022-03-10,-0.8123043447041721,120146.569,True
2022-03-11,-1.3670176465879837,120146.569,True
2022-03-14,-0.7214606353012104,120146.569,True
2022-03-15,0.0,120307.8333,False
2022-03-16,-0.0028187690751124246,120307.8333,True
2022-03-17,0.0,121239.5401,False
2022-03-18,0.0,121573.7986,False
2022-03-21,-0.09390946183694725,121573.7986,True
2022-03-22,0.0,122066.4116,False
2022-03-23,-0.5499869220371197,122066.4116,True
2022-03-24,-0.06077257373886773,122066.4116,True
2022-03-25,0.0,122783.0568,False
2022-03-28,0.0,123462.0868,False
2022-03-29,0.0,123982.20390000001,False
2022-03-30,0.0,124642.4321,False
2022-03-31,-0.7714868715242326,124642.4321,True
2022-04-01,-0.2552811226795763,124642.4321,True
2022-04-04,-0.39187802401683924,124642.4321,True
2022-04-05,-0.15406157980449323,124642.4321,True
2022-04-06,0.0,125537.3643,False
2022-04-07,0.0,126671.5558,False
2022-04-08,0.0,127702.9292,False
2022-04-11,-0.6624729012089119,127702.9292,True
2022-04-12,-1.8742617064417333,127702.9292,True
2022-04-13,-1.8213813219250685,127702.9292,True
2022-04-14,-1.6346679070537644,127702.9292,True
2022-04-15,-1.6346679070537644,127702.9292,True
2022-04-18,-2.0741838238116155,127702.9292,True
2022-04-19,-1.5959188350395286,127702.9292,True
2022-04-20,-1.3094948647426887,127702.9292,True
2022-04-21,-1.4128918665398973,127702.9292,True
2022-04-22,-2.5164424341176326,127702.9292,True
2022-04-25,-2.71743672736365,127702.9292,True
2022-04-26,-3.577949017006568,127702.9292,True
2022-04-27,-3.221094947288022,127702.9292,True
2022-04-28,-2.515918327110701,127702.9292,True
2022-04-29,-3.662795543768935,127702.9292,True
2022-05-02,-3.942208789992263,127702.9292,True
2022-05-03,-3.5063857407587147,127702.9292,True
2022-05-04,-2.9732184874581504,127702.9292,True
2022-05-05,-3.960810164407718,127702.9292,True
2022-05-06,-4.764013666806323,127702.9292,True
2022-05-09,-5.1883590623229,127702.9292,True
2022-05-10,-5.022338125036517,127702.9292,True
2022-05-11,-5.327626971926963,127702.9292,True
2022-05-12,-5.68440226506566,127702.9292,True
2022-05-13,-4.5327441087388936,127702.9292,True
2022-05-16,-3.821072884207579,127702.9292,True
2022-05-17,-4.201180688343986,127702.9292,True
2022-05-18,-7.39694677261953,127702.9292,True
2022-05-19,-8.28817284482461,127702.9292,True
2022-05-20,-7.709034288933128,127702.9292,True
2022-05-23,-6.401538830168044,127702.9292,True
2022-05-24,-6.071364493023703,127702.9292,True
2022-05-25,-5.825780697910565,127702.9292,True
2022-05-26,-5.245015241200897,127702.9292,True
2022-05-27,-4.635170733421204,127702.9292,True
2022-05-30,-4.779960521062194,127702.9292,True
2022-05-31,-5.0036279825600145,127702.9292,True
2022-06-01,-5.814749862448727,127702.9292,True
2022-06-02,-4.886675301101857,127702.9292,True
2022-06-03,-5.325199619618433,127702.9292,True
2022-06-06,-5.522017736144455,127702.9292,True
2022-06-07,-5.236548873148318,127702.9292,True
2022-06-08,-5.686512475079541,127702.9292,True
2022-06-09,-7.153629331158674,127702.9292,True
2022-06-10,-7.716423704398467,127702.9292,True
2022-06-13,-9.390822884899022,127702.9292,True
2022-06-14,-9.882970953809568,127702.9292,True
2022-06-15,-9.014591655897581,127702.9292,True
2022-06-16,-10.191661938792858,127702.9292,True
2022-06-17,-10.610907576582045,127702.9292,True
2022-06-20,-10.308522656816242,127702.9292,True
2022-06-21,-8.9206310860409,127702.9292,True
2022-06-22,-9.063139406828888,127702.9292,True
2022-06-23,-8.659406772636501,127702.9292,True
2022-06-24,-6.824655514636389,127702.9292,True
2022-06-27,-6.50952734763111,127702.9292,True
2022-06-28,-6.881169723395822,127702.9292,True
2022-06-29,-6.939966886836295,127702.9292,True
2022-06-30,-8.06079922714882,127702.9292,True
2022-07-01,-7.4522191147985,127702.9292,True
2022-07-04,-7.233583957602745,127702.9292,True
2022-07-05,-8.5117204421964,127702.9292,True
2022-07-06,-7.819837636112738,127702.9292,True
2022-07-07,-7.353617069576196,127702.9292,True
2022-07-08,-7.182286543823453,127702.9292,True
2022-07-11,-7.248449090390949,127702.9292,True
2022-07-12,-7.524633428690371,127702.9292,True
2022-07-13,-7.681968660747057,127702.9292,True
2022-07-14,-8.124095950651062,127702.9292,True
2022-07-15,-6.8805442874680764,127702.9292,True
2022-07-18,-7.203074320710251,127702.9292,True
2022-07-19,-6.380089909480316,127702.9292,True
2022-07-20,-7.0390301587537865,127702.9292,True
2022-07-21,-7.013732305210109,127702.9292,True
2022-07-22,-7.09383132928168,127702.9292,True
2022-07-25,-6.915450064711595,127702.9292,True
2022-07-26,-7.559743664830516,127702.9292,True
2022-07-27,-6.950614097581716,127702.9292,True
2022-07-28,-6.714430321775265,127702.9292,True
2022-07-29,-6.5109466572830925,127702.9292,True
2022-08-01,-6.249440909457229,127702.9292,True
2022-08-02,-6.404032664898342,127702.9292,True
2022-08-03,-6.486611741714069,127702.9292,True
2022-08-04,-6.888690146036211,127702.9292,True
2022-08-05,-6.9317932293756686,127702.9292,True
2022-08-08,-6.623906086564533,127702.9292,True
2022-08-09,-6.157920142680644,127702.9292,True
2022-08-10,-5.677897950675985,127702.9292,True
2022-08-11,-6.183974047793411,127702.9292,True
2022-08-12,-5.351307947915107,127702.9292,True
2022-08-15,-4.766838425817403,127702.9292,True
2022-08-16,-3.8532066811823773,127702.9292,True
2022-08-17,-4.135679058487878,127702.9292,True
2022-08-18,-3.656633116603556,127702.9292,True
2022-08-19,-3.766500839199228,127702.9292,True
2022-08-22,-4.238849910421635,127702.9292,True
2022-08-23,-5.268653618322791,127702.9292,True
2022-08-24,-5.566545062460473,127702.9292,True
2022-08-25,-5.586922120499015,127702.9292,True
2022-08-26,-7.116015080412111,127702.9292,True
2022-08-29,-7.438615589719771,127702.9292,True
2022-08-30,-8.294799630954742,127702.9292,True
2022-08-31,-8.789103092867819,127702.9292,True
2022-09-01,-8.798147442964057,127702.9292,True
2022-09-02,-8.820238087381314,127702.9292,True
2022-09-05,-8.657151616847953,127702.9292,True
2022-09-06,-8.476091165495369,127702.9292,True
2022-09-07,-8.104553720761484,127702.9292,True
2022-09-08,-8.800137373826184,127702.9292,True
2022-09-09,-7.566807637486833,127702.9292,True
2022-09-12,-6.52248719131182,127702.9292,True
2022-09-13,-8.815728480564871,127702.9292,True
2022-09-14,-9.727020106599088,127702.9292,True
2022-09-15,-10.49365248232693,127702.9292,True
2022-09-16,-10.62243010789137,127702.9292,True
2022-09-19,-10.449350914340657,127702.9292,True
2022-09-20,-11.507371829337803,127702.9292,True
2022-09-21,-11.87480654907327,127702.9292,True
2022-09-22,-12.123137971059164,127702.9292,True
2022-09-23,-13.803725811482796,127702.9292,True
2022-09-26,-14.300425224701893,127702.9292,True
2022-09-27,-15.120610796451487,127702.9292,True
2022-09-28,-14.067471210362804,127702.9292,True
2022-09-29,-15.694004378405435,127702.9292,True
2022-09-30,-15.970164292832836,127702.9292,True
2022-10-03,-15.085695700705978,127702.9292,True
2022-10-04,-13.878289097224563,127702.9292,True
2022-10-05,-14.753467925933844,127702.9292,True
2022-10-06,-15.247616340502853,127702.9292,True
2022-10-07,-15.724572667045761,127702.9292,True
2022-10-10,-15.523258099235518,127702.9292,True
2022-10-11,-14.880658273890246,127702.9292,True
2022-10-12,-15.548280156442951,127702.9292,True
2022-10-13,-14.534215163484282,127702.9292,True
2022-10-14,-15.365366262875035,127702.9292,True
2022-10-17,-14.415909811409398,127702.9292,True
2022-10-18,-13.858250950754227,127702.9292,True
2022-10-19,-14.139556635949113,127702.9292,True
2022-10-20,-14.276465476721418,127702.9292,True
2022-10-21,-13.062080020009443,127702.9292,True
2022-10-24,-11.992402363782267,127702.9292,True
2022-10-25,-11.198360436668818,127702.9292,True
2022-10-26,-10.352957197476716,127702.9292,True
2022-10-27,-10.151536915568258,127702.9292,True
2022-10-28,-8.924302027678149,127702.9292,True
2022-10-31,-8.782369026504679,127702.9292,True
2022-11-01,-8.423026838447809,127702.9292,True
2022-11-02,-9.318422587913512,127702.9292,True
2022-11-03,-9.124994605057188,127702.9292,True
2022-11-04,-8.291950675161171,127702.9292,True
2022-11-07,-7.661423086605279,127702.9292,True
2022-11-08,-6.773667177557578,127702.9292,True
2022-11-09,-6.934490113481274,127702.9292,True
2022-11-10,-5.39174868042103,127702.9292,True
2022-11-11,-6.87473964379511,127702.9292,True
2022-11-14,-6.595576039457048,127702.9292,True
2022-11-15,-6.462611744069531,127702.9292,True
2022-11-16,-6.370919015693182,127702.9292,True
2022-11-17,-5.867775192740059,127702.9292,True
2022-11-18,-4.912573062576234,127702.9292,True
2022-11-21,-4.425401778489512,127702.9292,True
2022-11-22,-3.7494409329492524,127702.9292,True
2022-11-23,-3.3612853102824496,127702.9292,True
2022-11-24,-3.713477701496601,127702.9292,True
2022-11-25,-3.483332236673546,127702.9292,True
2022-11-28,-3.95298982695535,127702.9292,True
2022-11-29,-3.911012011461358,127702.9292,True
2022-11-30,-3.415326122370574,127702.9292,True
2022-12-01,-3.492686838071367,127702.9292,True
2022-12-02,-3.496189106991917,127702.9292,True
2022-12-05,-3.920280397139085,127702.9292,True
2022-12-06,-4.410374480274648,127702.9292,True
2022-12-07,-4.279840512851763,127702.9292,True
2022-12-08,-4.16764927268403,127702.9292,True
2022-12-09,-4.765101973870771,127702.9292,True
2022-12-12,-4.48649160664672,127702.9292,True
2022-12-13,-4.64996232835041,127702.9292,True
2022-12-14,-4.61240187433382,127702.9292,True
2022-12-15,-5.924551259236105,127702.9292,True
2022-12-16,-6.71858629535649,127702.9292,True
2022-12-19,-6.8011338145562235,127702.9292,True
2022-12-20,-6.528847186380748,127702.9292,True
2022-12-21,-5.65688966201098,127702.9292,True
2022-12-22,-5.8657446989869,127702.9292,True
2022-12-23,-5.648497685360839,127702.9292,True
2022-12-26,-5.648497685360839,127702.9292,True
2022-12-27,-5.509606822707089,127702.9292,True
2022-12-28,-6.218525267782192,127702.9292,True
2022-12-29,-5.852894876275081,127702.9292,True
2022-12-30,-6.2810098016138465,127702.9292,True
2023-01-02,-6.2810098016138465,127702.9292,True
2023-01-03,-5.37478235072465,127702.9292,True
2023-01-04,-4.24372403511007,127702.9292,True
2023-01-05,-4.191359065552271,127702.9292,True
2023-01-06,-2.911948710413755,127702.9292,True
2023-01-09,-3.5857056127730518,127702.9292,True
2023-01-10,-3.4254286314365863,127702.9292,True
2023-01-11,-3.441333826507089,127702.9292,True
2023-01-12,-3.1795226040907467,127702.9292,True
2023-01-13,-2.8992906609067797,127702.9292,True
2023-01-16,-2.6721071485022767,127702.9292,True
2023-01-17,-2.8773307104376094,127702.9292,True
2023-01-18,-4.074820861665867,127702.9292,True
2023-01-19,-4.353148854787583,127702.9292,True
2023-01-20,-3.8509107275825905,127702.9292,True
2023-01-23,-3.6463999918961867,127702.9292,True
2023-01-24,-4.236348558244349,127702.9292,True
2023-01-25,-4.062130863009207,127702.9292,True
2023-01-26,-4.332274940487422,127702.9292,True
2023-01-27,-4.360917979632376,127702.9292,True
2023-01-30,-4.5472445592109425,127702.9292,True
2023-01-31,-4.290931096355779,127702.9292,True
2023-02-01,-4.244741787802311,127702.9292,True
2023-02-02,-4.1226917291416365,127702.9292,True
2023-02-03,-4.35400866278641,127702.9292,True
2023-02-06,-4.494974732341532,127702.9292,True
2023-02-07,-4.500234439414872,127702.9292,True
2023-02-08,-4.890051652785421,127702.9292,True
2023-02-09,-5.1067966419050554,127702.9292,True
2023-02-10,-4.525898063738387,127702.9292,True
2023-02-13,-3.939546204238511,127702.9292,True
2023-02-14,-4.241792677689018,127702.9292,True
2023-02-15,-4.010014439042325,127702.9292,True
2023-02-16,-4.936555049670704,127702.9292,True
2023-02-17,-4.151085204708046,127702.9292,True
2023-02-20,-4.091446791965992,127702.9292,True
2023-02-21,-4.281328497514209,127702.9292,True
2023-02-22,-4.707744088300835,127702.9292,True
2023-02-23,-5.22268803212385,127702.9292,True
2023-02-24,-5.664331856218688,127702.9292,True
2023-02-27,-5.371456037047581,127702.9292,True
2023-02-28,-6.123381075897822,127702.9292,True
2023-03-01,-6.420700880837743,127702.9292,True
2023-03-02,-5.897027223397473,127702.9292,True
2023-03-03,-5.7725517700967455,127702.9292,True
2023-03-06,-5.4730753192464725,127702.9292,True
2023-03-07,-6.079330324397918,127702.9292,True
2023-03-08,-6.245245939119769,127702.9292,True
2023-03-09,-6.686889293374171,127702.9292,True
2023-03-10,-7.253346464350326,127702.9292,True
2023-03-13,-7.599804687956997,127702.9292,True
2023-03-14,-7.217490356517206,127702.9292,True
2023-03-15,-7.4475626828456445,127702.9292,True
2023-03-16,-7.3437174532720055,127702.9292,True
2023-03-17,-7.940275969801323,127702.9292,True
2023-03-20,-6.950223973405925,127702.9292,True
2023-03-21,-6.542764643177818,127702.9292,True
2023-03-22,-6.959543806611444,127702.9292,True
2023-03-23,-7.221866137115983,127702.9292,True
2023-03-24,-6.8040052443840136,127702.9292,True
2023-03-27,-6.25545165646835,127702.9292,True
2023-03-28,-6.20879109795705,127702.9292,True
2023-03-29,-5.451997885730568,127702.9292,True
2023-03-30,-5.03472907025534,127702.9292,True
2023-03-31,-4.759618074602468,127702.9292,True
2023-04-03,-4.068413099485891,127702.9292,True
2023-04-04,-4.200238658268772,127702.9292,True
2023-04-05,-3.22896751533558,127702.9292,True
2023-04-06,-2.7089956523878973,127702.9292,True
2023-04-07,-2.7089956523878973,127702.9292,True
2023-04-10,-2.789611970780066,127702.9292,True
2023-04-11,-2.7529577606587847,127702.9292,True
2023-04-12,-2.7664341155927064,127702.9292,True
2023-04-13,-2.341754506912275,127702.9292,True
2023-04-14,-2.4443290530253563,127702.9292,True
2023-04-17,-2.108760477829355,127702.9292,True
2023-04-18,-1.999612864009382,127702.9292,True
2023-04-19,-2.0182255145953247,127702.9292,True
2023-04-20,-2.0710647097670467,127702.9292,True
2023-04-21,-1.5601094763298524,127702.9292,True
2023-04-24,-1.3615041650900497,127702.9292,True
2023-04-25,-1.1866160858587438,127702.9292,True
2023-04-26,-2.0677828743179614,127702.9292,True
2023-04-27,-1.7551210563774604,127702.9292,True
2023-04-28,-1.6845179773683643,127702.9292,True
2023-05-01,-1.5542298931072571,127702.9292,True
2023-05-02,-1.825102144955339,127702.9292,True
2023-05-03,-2.15426170506353,127702.9292,True
2023-05-04,-2.5271000596594004,127702.9292,True
2023-05-05,-1.8887132152016448,127702.9292,True
2023-05-08,-1.9376319834643159,127702.9292,True
2023-05-09,-1.9933052561491287,127702.9292,True
2023-05-10,-2.4850891204146337,127702.9292,True
2023-05-11,-2.899226292766973,127702.9292,True
2023-05-12,-2.7777334648640175,127702.9292,True
2023-05-15,-3.019032706729793,127702.9292,True
2023-05-16,-3.901830702877877,127702.9292,True
2023-05-17,-4.360060364222243,127702.9292,True
2023-05-18,-4.642846751552816,127702.9292,True
2023-05-19,-4.631166126767279,127702.9292,True
2023-05-22,-5.022907180111891,127702.9292,True
2023-05-23,-4.983180370149255,127702.9292,True
2023-05-24,-5.693068315303763,127702.9292,True
2023-05-25,-6.875824975203466,127702.9292,True
2023-05-26,-6.788446243408486,127702.9292,True
2023-05-29,-6.788446243408486,127702.9292,True
2023-05-30,-7.495964391707936,127702.9292,True
2023-05-31,-7.367905152170937,127702.9292,True
2023-06-01,-7.21406608110912,127702.9292,True
2023-06-02,-6.429455965838568,127702.9292,True
2023-06-05,-6.121882441518811,127702.9292,True
2023-06-06,-6.209066189532639,127702.9292,True
2023-06-07,-6.22699224662734,127702.9292,True
2023-06-08,-6.168298056549195,127702.9292,True
2023-06-09,-6.25771769689367,127702.9292,True
2023-06-12,-6.094651037965377,127702.9292,True
2023-06-13,-6.047224482929087,127702.9292,True
2023-06-14,-6.073514091327513,127702.9292,True
2023-06-15,-5.382105596995182,127702.9292,True
2023-06-16,-5.217561211587304,127702.9292,True
2023-06-19,-5.456083539859791,127702.9292,True
2023-06-20,-5.822152668366516,127702.9292,True
2023-06-21,-5.790461539389648,127702.9292,True
2023-06-22,-5.94983094561624,127702.9292,True
2023-06-23,-6.187733710966433,127702.9292,True
2023-06-26,-6.527690674146252,127702.9292,True
2023-06-27,-6.382566281807725,127702.9292,True
2023-06-28,-6.254978527148775,127702.9292,True
2023-06-29,-6.493081444524916,127702.9292,True
2023-06-30,-5.930992380087075,127702.9292,True
2023-07-03,-6.230838125520455,127702.9292,True
2023-07-04,-6.244627942332269,127702.9292,True
2023-07-05,-6.4388167534687994,127702.9292,True
2023-07-06,-7.377681748587489,127702.9292,True
2023-07-07,-8.237112308932065,127702.9292,True
2023-07-10,-7.986099429268223,127702.9292,True
2023-07-11,-7.930082155077141,127702.9292,True
2023-07-12,-7.286373584608419,127702.9292,True
2023-07-13,-7.110895464095581,127702.9292,True
2023-07-14,-7.089237855947313,127702.9292,True
2023-07-17,-7.228267164916369,127702.9292,True
2023-07-18,-7.025249973670923,127702.9292,True
2023-07-19,-6.152086290593865,127702.9292,True
2023-07-20,-4.743844121627244,127702.9292,True
2023-07-21,-4.4803692725319255,127702.9292,True
2023-07-24,-4.210754078771745,127702.9292,True
2023-07-25,-4.665703000961384,127702.9292,True
2023-07-26,-4.493477742404049,127702.9292,True
2023-07-27,-4.5345784441098,127702.9292,True
2023-07-28,-4.167718574148414,127702.9292,True
2023-07-31,-4.680137673772318,127702.9292,True
2023-08-01,-4.799647540112966,127702.9292,True
2023-08-02,-5.2994204145475505,127702.9292,True
2023-08-03,-5.698929183215636,127702.9292,True
2023-08-04,-5.852118856487436,127702.9292,True
2023-08-07,-5.3430999137958715,127702.9292,True
2023-08-08,-5.349229843664386,127702.9292,True
2023-08-09,-5.212540418375932,127702.9292,True
2023-08-10,-4.962199410536306,127702.9292,True
2023-08-11,-5.319287852325946,127702.9292,True
2023-08-14,-5.361056118985245,127702.9292,True
2023-08-15,-6.157188679427725,127702.9292,True
2023-08-16,-6.35788266632806,127702.9292,True
2023-08-17,-6.9036376496836,127702.9292,True
2023-08-18,-6.937856598515671,127702.9292,True
2023-08-21,-7.300498319344731,127702.9292,True
2023-08-22,-7.491013761335077,127702.9292,True
2023-08-23,-6.997531893731999,127702.9292,True
2023-08-24,-6.957484495978187,127702.9292,True
2023-08-25,-6.621346004332684,127702.9292,True
2023-08-28,-6.631088615624332,127702.9292,True
2023-08-29,-5.983149993398899,127702.9292,True
2023-08-30,-5.908325867908119,127702.9292,True
2023-08-31,-6.262702077471214,127702.9292,True
2023-09-01,-6.448800784438072,127702.9292,True
2023-09-04,-6.591898520053681,127702.9292,True
2023-09-05,-6.94226777376066,127702.9292,True
2023-09-06,-7.612794288198675,127702.9292,True
2023-09-07,-7.111246199981452,127702.9292,True
2023-09-08,-6.516752632170634,127702.9292,True
2023-09-11,-6.4677843740486365,127702.9292,True
2023-09-12,-6.063582995714085,127702.9292,True
2023-09-13,-6.058520230090385,127702.9292,True
2023-09-14,-5.375656723777018,127702.9292,True
2023-09-15,-5.772338462538565,127702.9292,True
2023-09-18,-5.924341945321642,127702.9292,True
2023-09-19,-5.972617658640205,127702.9292,True
2023-09-20,-5.505802681306073,127702.9292,True
2023-09-21,-6.138779078217102,127702.9292,True
2023-09-22,-6.399384611766604,127702.9292,True
2023-09-25,-7.078565743658759,127702.9292,True
2023-09-26,-7.212788506655484,127702.9292,True
2023-09-27,-7.899121314752112,127702.9292,True
2023-09-28,-7.837043177236683,127702.9292,True
2023-09-29,-8.019159829890578,127702.9292,True
2023-10-02,-8.768491975985155,127702.9292,True
2023-10-03,-9.458992112140214,127702.9292,True
2023-10-04,-9.267680838757144,127702.9292,True
2023-10-05,-8.814135643178343,127702.9292,True
2023-10-06,-8.797420834728984,127702.9292,True
2023-10-09,-8.28364992586247,127702.9292,True
2023-10-10,-7.344053075957158,127702.9292,True
2023-10-11,-7.148831790461382,127702.9292,True
2023-10-12,-7.311370505352513,127702.9292,True
2023-10-13,-7.572876801325555,127702.9292,True
2023-10-16,-7.242163713814011,127702.9292,True
2023-10-17,-6.702713754196325,127702.9292,True
2023-10-18,-7.4485184949070025,127702.9292,True
2023-10-19,-7.993089088828821,127702.9292,True
2023-10-20,-8.39808199168543,127702.9292,True
2023-10-23,-8.869321221490042,127702.9292,True
2023-10-24,-8.23749413259347,127702.9292,True
2023-10-25,-8.040758864597757,127702.9292,True
2023-10-26,-8.757539995409909,127702.9292,True
2023-10-27,-9.565880521713197,127702.9292,True
2023-10-30,-8.761832559436701,127702.9292,True
2023-10-31,-8.447728190403952,127702.9292,True
2023-11-01,-7.782772550529716,127702.9292,True
2023-11-02,-7.10808527013803,127702.9292,True
2023-11-03,-7.080499450281991,127702.9292,True
2023-11-06,-7.182474417352674,127702.9292,True
2023-11-07,-7.029825976771714,127702.9292,True
2023-11-08,-6.968133938465675,127702.9292,True
2023-11-09,-7.037158290962677,127702.9292,True
2023-11-10,-7.222278766648678,127702.9292,True
2023-11-13,-6.626163568063244,127702.9292,True
2023-11-14,-6.507488255797968,127702.9292,True
2023-11-15,-6.336097191104996,127702.9292,True
2023-11-16,-6.652450059853446,127702.9292,True
2023-11-17,-6.295010185247968,127702.9292,True
2023-11-20,-6.7360815400936,127702.9292,True
2023-11-21,-6.527320197131389,127702.9292,True
2023-11-22,-6.186393741702831,127702.9292,True
2023-11-23,-6.325231590694007,127702.9292,True
2023-11-24,-6.017861977123698,127702.9292,True
2023-11-27,-6.256484162150288,127702.9292,True
2023-11-28,-6.067631516787474,127702.9292,True
2023-11-29,-6.356213479870594,127702.9292,True
2023-11-30,-6.129890730807133,127702.9292,True
2023-12-01,-5.484666830962556,127702.9292,True
2023-12-04,-5.415748286531863,127702.9292,True
2023-12-05,-5.5596547741522,127702.9292,True
2023-12-06,-5.71013119720984,127702.9292,True
2023-12-07,-5.587286090223839,127702.9292,True
2023-12-08,-5.9541143242625,127702.9292,True
2023-12-11,-5.54420133066141,127702.9292,True
2023-12-12,-5.648201450965617,127702.9292,True
2023-12-13,-4.575759880063899,127702.9292,True
2023-12-14,-5.012835523901194,127702.9292,True
2023-12-15,-5.6766217857436585,127702.9292,True
2023-12-18,-5.055219516452568,127702.9292,True
2023-12-19,-4.8589123514012575,127702.9292,True
2023-12-20,-5.1495380264151365,127702.9292,True
2023-12-21,-4.91882147054149,127702.9292,True
2023-12-22,-4.801016028691067,127702.9292,True
2023-12-25,-4.801016028691067,127702.9292,True
2023-12-26,-4.744130254453079,127702.9292,True
2023-12-27,-4.5183865680662825,127702.9292,True
2023-12-28,-4.519154992100207,127702.9292,True
2023-12-29,-4.35787834692831,127702.9292,True
2024-01-01,-4.35787834692831,127702.9292,True
2024-01-02,-3.675634325230495,127702.9292,True
2024-01-03,-3.5081433355249914,127702.9292,True
2024-01-04,-3.3167457681150827,127702.9292,True
2024-01-05,-3.4723826836072234,127702.9292,True
2024-01-08,-2.757918022760593,127702.9292,True
2024-01-09,-2.758355679127213,127702.9292,True
2024-01-10,-2.9911780598373308,127702.9292,True
2024-01-11,-3.779122632685862,127702.9292,True
2024-01-12,-3.2641835438806823,127702.9292,True
2024-01-15,-3.1343822926185503,127702.9292,True
2024-01-16,-3.531706929710742,127702.9292,True
2024-01-17,-4.374388070027132,127702.9292,True
2024-01-18,-4.498893201582097,127702.9292,True
2024-01-19,-4.323381095944353,127702.9292,True
2024-01-22,-3.9385840493312667,127702.9292,True
2024-01-23,-4.239871108610403,127702.9292,True
2024-01-24,-4.399984037327787,127702.9292,True
2024-01-25,-3.850884103291188,127702.9292,True
2024-01-26,-3.879436619845369,127702.9292,True
2024-01-29,-3.751779563722022,127702.9292,True
2024-01-30,-3.5808639070747272,127702.9292,True
2024-01-31,-4.265625412138153,127702.9292,True
2024-02-01,-4.084397619283422,127702.9292,True
2024-02-02,-4.449622601139207,127702.9292,True
2024-02-05,-4.842994000798534,127702.9292,True
2024-02-06,-4.471271047398961,127702.9292,True
2024-02-07,-5.06988668197284,127702.9292,True
2024-02-08,-5.458425459515613,127702.9292,True
2024-02-09,-5.50038385493823,127702.9292,True
2024-02-12,-5.399582095098875,127702.9292,True
2024-02-13,-6.2580102508721485,127702.9292,True
2024-02-14,-5.986185632459247,127702.9292,True
2024-02-15,-5.692154319041259,127702.9292,True
2024-02-16,-5.164294148391388,127702.9292,True
2024-02-19,-5.044868540102369,127702.9292,True
2024-02-20,-4.679331819116961,127702.9292,True
2024-02-21,-4.88285009518795,127702.9292,True
2024-02-22,-4.74297014010858,127702.9292,True
2024-02-23,-4.316330748660694,127702.9292,True
2024-02-26,-4.773022935483299,127702.9292,True
2024-02-27,-5.089807994787952,127702.9292,True
2024-02-28,-5.236883477845867,127702.9292,True
2024-02-29,-5.474500266983698,127702.9292,True
2024-03-01,-5.186506324868232,127702.9292,True
2024-03-04,-5.330045710494157,127702.9292,True
2024-03-05,-5.140745902326563,127702.9292,True
2024-03-06,-4.350884380497045,127702.9292,True
2024-03-07,-3.8349800045150437,127702.9292,True
2024-03-08,-3.8275905890496924,127702.9292,True
2024-03-11,-3.3969132322768982,127702.9292,True
2024-03-12,-2.6945728822013617,127702.9292,True
2024-03-13,-2.781787404763773,127702.9292,True
2024-03-14,-3.091992113834765,127702.9292,True
2024-03-15,-3.409425709555295,127702.9292,True
2024-03-18,-3.5528835778654977,127702.9292,True
2024-03-19,-3.4340214648733407,127702.9292,True
2024-03-20,-3.278755410099078,127702.9292,True
2024-03-21,-2.109362108508314,127702.9292,True
2024-03-22,-2.1525006648007268,127702.9292,True
2024-03-25,-2.3450068207205987,127702.9292,True
2024-03-26,-1.9019411028513802,127702.9292,True
2024-03-27,-0.675869461575358,127702.9292,True
2024-03-28,-0.6264458497636333,127702.9292,True
2024-03-29,-0.6264458497636333,127702.9292,True
2024-04-01,-0.7913981349771507,127702.9292,True
2024-04-02,-1.6096388022397785,127702.9292,True
2024-04-03,-1.9111607817371763,127702.9292,True
2024-04-04,-2.296335188527526,127702.9292,True
2024-04-05,-2.7043785304182295,127702.9292,True
2024-04-08,-2.999651553803193,127702.9292,True
2024-04-09,-2.9641517416344465,127702.9292,True
2024-04-10,-3.067218445604774,127702.9292,True
2024-04-11,-3.2819905747314637,127702.9292,True
2024-04-12,-3.5381180590805146,127702.9292,True
2024-04-15,-3.724348712903293,127702.9292,True
2024-04-16,-4.524523232314388,127702.9292,True
2024-04-17,-4.282497695440489,127702.9292,True
2024-04-18,-3.906972636615131,127702.9292,True
2024-04-19,-3.1830597195103296,127702.9292,True
2024-04-22,-1.8701076905289973,127702.9292,True
2024-04-23,-1.3636289401574706,127702.9292,True
2024-04-24,-1.2157927071260932,127702.9292,True
2024-04-25,-0.8900305632143569,127702.9292,True
2024-04-26,-0.9825179483823405,127702.9292,True
2024-04-29,-0.6537521145599533,127702.9292,True
2024-04-30,-1.1939956346749148,127702.9292,True
2024-05-01,-1.0067260853402507,127702.9292,True
2024-05-02,-0.7318005983530668,127702.9292,True
2024-05-03,-0.34459820362522336,127702.9292,True
2024-05-06,-0.22952402253901627,127702.9292,True
2024-05-07,0.0,128406.7944,False
2024-05-08,0.0,129121.744,False
2024-05-09,0.0,129711.0738,False
2024-05-10,0.0,130313.2153,False
2024-05-13,-0.04614896490855079,130313.2153,True
2024-05-14,0.0,130552.5643,False
2024-05-15,0.0,131201.643,False
2024-05-16,0.0,131872.7974,False
2024-05-17,-0.08554523921854054,131872.7974,True
2024-05-20,-0.5118468807123472,131872.7974,True
2024-05-21,-0.21445393255910505,131872.7974,True
2024-05-22,0.0,132042.635,False
2024-05-23,-0.8316223013877336,132042.635,True
2024-05-24,-0.9721538047161931,132042.635,True
2024-05-27,-0.9721538047161931,132042.635,True
2024-05-28,-2.0476767977252313,132042.635,True
2024-05-29,-2.6165651723021233,132042.635,True
2024-05-30,-2.3150457426118565,132042.635,True
2024-05-31,-1.6461923832404677,132042.635,True
2024-06-03,-1.4547684541436208,132042.635,True
2024-06-04,-1.08212275527522,132042.635,True
2024-06-05,-0.965179087799947,132042.635,True
2024-06-06,-0.8357237039385139,132042.635,True
2024-06-07,-1.2290355308344194,132042.635,True
2024-06-10,-1.3216602349688138,132042.635,True
2024-06-11,-2.0409829749307926,132042.635,True
2024-06-12,-1.892829615222393,132042.635,True
2024-06-13,-2.19996563988594,132042.635,True
2024-06-14,-1.9312432685094534,132042.635,True
2024-06-17,-1.8580499397031949,132042.635,True
2024-06-18,-1.2828506489589582,132042.635,True
2024-06-19,-1.2184017684893993,132042.635,True
2024-06-20,-0.7300325383540001,132042.635,True
2024-06-21,-0.6300939844164746,132042.635,True
2024-06-24,-0.137633575700769,132042.635,True
2024-06-25,-0.7712132524468338,132042.635,True
2024-06-26,-0.9204829182634856,132042.635,True
2024-06-27,-1.4802243229999243,132042.635,True
2024-06-28,-1.7615625437950442,132042.635,True
2024-07-01,-1.5384648299392183,132042.635,True
2024-07-02,-2.054175607749725,132042.635,True
2024-07-03,-1.7018522843019697,132042.635,True
2024-07-04,-1.3116298383472904,132042.635,True
2024-07-05,-0.8289561928236369,132042.635,True
2024-07-08,-0.9509713283137713,132042.635,True
2024-07-09,-1.1448930869942144,132042.635,True
2024-07-10,-0.07229187754395414,132042.635,True
2024-07-11,0.0,132372.8667,False
2024-07-12,0.0,133150.3586,False
2024-07-15,-0.7195216070563494,133150.3586,True
2024-07-16,-0.06267981616987035,133150.3586,True
2024-07-17,0.0,134253.6288,False
2024-07-18,-0.04373192778831941,134253.6288,True
2024-07-19,-0.15437325743257185,134253.6288,True
2024-07-22,0.0,134519.2681,False
2024-07-23,0.0,134917.6199,False
2024-07-24,0.0,135128.4813,False
2024-07-25,-0.0630482923957836,135128.4813,True
2024-07-26,0.0,136331.9029,False
2024-07-29,0.0,136619.4489,False
2024-07-30,0.0,136791.1775,False
2024-07-31,0.0,136847.7976,False
2024-08-01,0.0,137506.4122,False
2024-08-02,-0.44089551192579973,137506.4122,True
2024-08-05,-2.4428981138088344,137506.4122,True
2024-08-06,-2.2397271521567657,137506.4122,True
2024-08-07,-1.7480961153315502,137506.4122,True
2024-08-08,-1.1715932546162355,137506.4122,True
2024-08-09,-1.0645850084946111,137506.4122,True
2024-08-12,-0.6987565413331279,137506.4122,True
2024-08-13,-0.31816370815032435,137506.4122,True
2024-08-14,0.0,137933.9623,False
2024-08-15,0.0,139216.0029,False
2024-08-16,0.0,139235.8641,False
2024-08-19,0.0,139825.5063,False
2024-08-20,-0.27126839017926374,139825.5063,True
2024-08-21,-0.06190780372666456,139825.5063,True
2024-08-22,-0.0328059602384708,139825.5063,True
2024-08-23,0.0,140477.1489,False
2024-08-26,0.0,140692.5623,False
2024-08-27,0.0,140872.786,False
2024-08-28,0.0,140888.8286,False
2024-08-29,0.0,141490.506,False
2024-08-30,0.0,142168.8441,False
2024-09-02,0.0,142168.8441,False
2024-09-03,-0.10533855075494775,142168.8441,True
2024-09-04,0.0,142446.3487,False
2024-09-05,-0.876423868630898,142446.3487,True
2024-09-06,-1.3079057603110138,142446.3487,True
2024-09-09,-0.4305921531844801,142446.3487,True
2024-09-10,-0.5757838003467125,142446.3487,True
2024-09-11,-1.0671367949215809,142446.3487,True
2024-09-12,-0.6962339217895304,142446.3487,True
2024-09-13,-0.4366738815538433,142446.3487,True
2024-09-16,0.0,142704.4107,False
2024-09-17,-0.5106607402149519,142704.4107,True
2024-09-18,-0.9607328836403031,142704.4107,True
2024-09-19,-1.1342240874409135,142704.4107,True
2024-09-20,-1.0845130801552831,142704.4107,True
2024-09-23,-0.5876077662118093,142704.4107,True
2024-09-24,-0.671610775937996,142704.4107,True
2024-09-25,-0.6070647681809876,142704.4107,True
2024-09-26,-0.8259788146828413,142704.4107,True
2024-09-27,-0.5855247191739512,142704.4107,True
2024-09-30,-0.8506474285170863,142704.4107,True
2024-10-01,-0.4493367772268984,142704.4107,True
2024-10-02,-1.0452820572840218,142704.4107,True
2024-10-03,-1.0081443123888085,142704.4107,True
2024-10-04,-1.0985387153138708,142704.4107,True
2024-10-07,-1.6121354544789888,142704.4107,True
2024-10-08,-1.1602279087790066,142704.4107,True
2024-10-09,-0.2528154513447005,142704.4107,True
2024-10-10,-0.5383079585500109,142704.4107,True
2024-10-11,-0.1496346181260766,142704.4107,True
2024-10-14,0.0,143321.8669,False
2024-10-15,0.0,143613.4677,False
2024-10-16,0.0,144596.1229,False
2024-10-17,0.0,144718.3109,False
2024-10-18,0.0,144798.5807,False
2024-10-21,-0.5982185707984634,144798.5807,True
2024-10-22,-0.9492108233074547,144798.5807,True
2024-10-23,-1.0846832837775184,144798.5807,True
2024-10-24,-1.6351922709142934,144798.5807,True
2024-10-25,-2.0741804135653257,144798.5807,True
2024-10-28,-1.7845691494405502,144798.5807,True
2024-10-29,-2.6559815582501796,144798.5807,True
2024-10-30,-2.778049329319152,144798.5807,True
2024-10-31,-2.9979767612459627,144798.5807,True
2024-11-01,-2.5219650512776055,144798.5807,True
2024-11-04,-2.4216907258677183,144798.5807,True
2024-11-05,-2.279628283676952,144798.5807,True
2024-11-06,-1.9254089967747812,144798.5807,True
2024-11-07,-2.376038206567851,144798.5807,True
2024-11-08,-2.3579289130421723,144798.5807,True
2024-11-11,-2.5030541614970288,144798.5807,True
2024-11-12,-3.200472116229792,144798.5807,True
2024-11-13,-3.0980662782145467,144798.5807,True
2024-11-14,-3.051983851385898,144798.5807,True
2024-11-15,-3.738523660819266,144798.5807,True
2024-11-18,-3.3886148443442434,144798.5807,True
2024-11-19,-2.6827416271767404,144798.5807,True
2024-11-20,-2.5195648896301677,144798.5807,True
2024-11-21,-1.5713528330184812,144798.5807,True
2024-11-22,-0.4166144426856238,144798.5807,True
2024-11-25,-0.37507729521550426,144798.5807,True
2024-11-26,0.0,144799.9981,False
2024-11-27,0.0,145427.6381,False
2024-11-28,-0.09054675006787592,145427.6381,True
2024-11-29,0.0,145545.0591,False
2024-12-02,-0.15444770258094356,145545.0591,True
2024-12-03,0.0,146169.4441,False
2024-12-04,-0.05874688826294534,146169.4441,True
2024-12-05,0.0,146359.5841,False
2024-12-06,-0.6631195394330304,146359.5841,True
2024-12-09,-1.3244605824211315,146359.5841,True
2024-12-10,-1.2961365063075623,146359.5841,True
2024-12-11,-1.4328509560174443,146359.5841,True
2024-12-12,-1.508339896956571,146359.5841,True
2024-12-13,-1.6421377628115346,146359.5841,True
2024-12-16,-2.043135076112855,146359.5841,True
2024-12-17,-2.365916807767161,146359.5841,True
2024-12-18,-3.385212543795424,146359.5841,True
2024-12-19,-3.9783557980198,146359.5841,True
2024-12-20,-3.806770861136926,146359.5841,True
2024-12-23,-3.8820723869493445,146359.5841,True
2024-12-24,-3.287305050493097,146359.5841,True
2024-12-25,-3.287305050493097,146359.5841,True
2024-12-26,-3.2820549672496737,146359.5841,True
2024-12-27,-3.6033308187024335,146359.5841,True
2024-12-30,-4.331157429136213,146359.5841,True
2024-12-31,-4.09734014815365,146359.5841,True
2025-01-01,-4.09734014815365,146359.5841,True
2025-01-02,-3.3845962534407144,146359.5841,True
2025-01-03,-3.2997886880439697,146359.5841,True
2025-01-06,-3.747694442922385,146359.5841,True
2025-01-07,-4.045141311658059,146359.5841,True
2025-01-08,-3.88855778389712,146359.5841,True
2025-01-09,-3.9838436518213594,146359.5841,True
2025-01-10,-4.840864398165516,146359.5841,True
2025-01-13,-4.959040465051457,146359.5841,True
2025-01-14,-5.166388690223126,146359.5841,True
2025-01-15,-4.606952828858171,146359.5841,True
2025-01-16,-4.151222509520645,146359.5841,True
2025-01-17,-3.5627895720427896,146359.5841,True
2025-01-20,-3.5941096938386234,146359.5841,True
2025-01-21,-2.827748538266044,146359.5841,True
2025-01-22,-3.054050083215574,146359.5841,True
2025-01-23,-2.845672202207371,146359.5841,True
2025-01-24,-3.1780959399433026,146359.5841,True
2025-01-27,-2.0312137522670226,146359.5841,True
2025-01-28,-2.109344611071495,146359.5841,True
2025-01-29,-2.012507768529517,146359.5841,True
2025-01-30,-0.8531043646222043,146359.5841,True
2025-01-31,-0.8494879290928518,146359.5841,True
2025-02-03,-0.5138577050657362,146359.5841,True
2025-02-04,-0.7085364490319008,146359.5841,True
2025-02-05,0.0,147165.1451,False
2025-02-06,0.0,147425.5791,False
2025-02-07,-0.43697030320839725,147425.5791,True
2025-02-10,0.0,148086.1171,False
2025-02-11,0.0,148840.3871,False
2025-02-12,0.0,148972.6841,False
2025-02-13,0.0,149516.0261,False
2025-02-14,-0.8454699024400991,149516.0261,True
2025-02-17,-0.828147344667816,149516.0261,True
2025-02-18,-1.1735230301174928,149516.0261,True
2025-02-19,-1.0926567824290145,149516.0261,True
2025-02-20,-1.5901325510148754,149516.0261,True
2025-02-21,-1.6468174444077162,149516.0261,True
2025-02-24,-1.1222047855109423,149516.0261,True
2025-02-25,-0.45132753832600747,149516.0261,True
2025-02-26,-0.883831676422546,149516.0261,True
2025-02-27,-0.9015147306673804,149516.0261,True
2025-02-28,-0.26678678560732266,149516.0261,True
2025-03-03,-0.16945273801655486,149516.0261,True
2025-03-04,-0.4065109378933655,149516.0261,True
2025-03-05,-0.8422903101756507,149516.0261,True
2025-03-06,-1.4013541254759057,149516.0261,True
2025-03-07,-0.668222013426016,149516.0261,True
2025-03-10,-1.1470469385355075,149516.0261,True
2025-03-11,-2.202318430933732,149516.0261,True
2025-03-12,-3.0742450290417405,149516.0261,True
2025-03-13,-2.6734117433849955,149516.0261,True
2025-03-14,-2.9902339679692616,149516.0261,True
2025-03-17,-2.8467108918165596,149516.0261,True
2025-03-18,-3.2092606559719137,149516.0261,True
2025-03-19,-3.7504133478303987,149516.0261,True
2025-03-20,-4.080177328897053,149516.0261,True
2025-03-21,-4.438399797732437,149516.0261,True
2025-03-24,-4.304333901768939,149516.0261,True
2025-03-25,-4.606816526405777,149516.0261,True
2025-03-26,-4.007663363118228,149516.0261,True
2025-03-27,-3.3628696074607487,149516.0261,True
2025-03-28,-3.053043288447853,149516.0261,True
2025-03-31,-2.3698723758415743,149516.0261,True
2025-04-01,-2.4605583066656793,149516.0261,True
2025-04-02,-2.651347219025629,149516.0261,True
2025-04-03,-1.6907077227355405,149516.0261,True
2025-04-04,-5.870119229981328,149516.0261,True
2025-04-07,-8.302647765462508,149516.0261,True
2025-04-08,-7.2552483388936135,149516.0261,True
2025-04-09,-6.261562217911294,149516.0261,True
2025-04-10,-5.895293788844209,149516.0261,True
2025-04-11,-4.260659653794783,149516.0261,True
2025-04-14,-2.6546645891627105,149516.0261,True
2025-04-15,-2.1968006277823275,149516.0261,True
2025-04-16,-2.4088180337211282,149516.0261,True
2025-04-17,-1.6480032704667908,149516.0261,True
2025-04-18,-1.6480032704667908,149516.0261,True
2025-04-21,-2.03191194900276,149516.0261,True
2025-04-22,-1.0938753808947042,149516.0261,True
2025-04-23,-1.5162381312112738,149516.0261,True
2025-04-24,-1.4373770197467794,149516.0261,True
2025-04-25,-1.8580877732410492,149516.0261,True
2025-04-28,-1.660664120606917,149516.0261,True
2025-04-29,-1.2284964012964756,149516.0261,True
2025-04-30,-0.16762015854565104,149516.0261,True
2025-05-01,-0.8256633300127427,149516.0261,True
2025-05-02,-0.27865842269064667,149516.0261,True
2025-05-05,-0.08427123385135342,149516.0261,True
2025-05-06,0.0,149606.9071,False
2025-05-07,0.0,150034.2071,False
2025-05-08,-1.1806507557435577,150034.2071,True
2025-05-09,-1.3471261248129023,150034.2071,True
2025-05-12,-2.266276515017489,150034.2071,True
2025-05-13,-3.222231845286975,150034.2071,True
2025-05-14,-4.529100484045555,150034.2071,True
2025-05-15,-3.110370688258861,150034.2071,True
2025-05-16,-2.336360532544179,150034.2071,True
2025-05-19,-1.5695953912899328,150034.2071,True
2025-05-20,-0.5442092278701421,150034.2071,True
2025-05-21,-0.6766523579008482,150034.2071,True
2025-05-22,-1.125470006232996,150034.2071,True
2025-05-23,-0.9060267163567433,150034.2071,True
2025-05-26,-0.9060267163567433,150034.2071,True
2025-05-27,-0.3226464213439944,150034.2071,True
2025-05-28,-1.0970164949803598,150034.2071,True
2025-05-29,-1.2364047078701152,150034.2071,True
2025-05-30,-0.3151681267491339,150034.2071,True
2025-06-02,0.0,150164.3571,False
2025-06-03,-0.29157385178189965,150164.3571,True
2025-06-04,-0.46831352897657147,150164.3571,True
2025-06-05,-0.6212592775120026,150164.3571,True
2025-06-06,-0.5311047277809701,150164.3571,True
2025-06-09,-0.7833550002925473,150164.3571,True
2025-06-10,-0.19866232291151797,150164.3571,True
2025-06-11,-0.4519314790180558,150164.3571,True
2025-06-12,0.0,150347.6521,False
2025-06-13,-0.06577754864721205,150347.6521,True
2025-06-16,-0.3211722918551649,150347.6521,True
2025-06-17,-0.7889547880741514,150347.6521,True
2025-06-18,-1.0746060729471267,150347.6521,True
2025-06-19,-1.1195153209845223,150347.6521,True
2025-06-20,-0.9428447868658221,150347.6521,True
2025-06-23,-0.48090208919198285,150347.6521,True
2025-06-24,-0.7591186054843686,150347.6521,True
2025-06-25,-1.5509154731921577,150347.6521,True
2025-06-26,-1.4608442295721098,150347.6521,True
2025-06-27,-1.3253050328146776,150347.6521,True
2025-06-30,-1.0247150377681284,150347.6521,True
2025-07-01,-0.0966194004169713,150347.6521,True
2025-07-02,-0.9936736484626462,150347.6521,True
2025-07-03,-0.443349124971139,150347.6521,True
2025-07-04,-0.3358383007299503,150347.6521,True
2025-07-07,-0.41128344298235336,150347.6521,True
2025-07-08,-0.9948775249281023,150347.6521,True
2025-07-09,-0.956918834384655,150347.6521,True
2025-07-10,-0.507646770228489,150347.6521,True
2025-07-11,-0.8955410883998881,150347.6521,True
2025-07-14,-0.13316802570806258,150347.6521,True
2025-07-15,-0.7982532372382812,150347.6521,True
2025-07-16,-0.38642106603273374,150347.6521,True
2025-07-17,-0.16096360443263927,150347.6521,True
2025-07-18,-0.030652291110831287,150347.6521,True
2025-07-21,0.0,151415.2071,False
2025-07-22,0.0,152939.2571,False
2025-07-23,0.0,153199.5771,False
2025-07-24,-0.06040160276656763,153199.5771,True
2025-07-25,-0.10726530915468643,153199.5771,True
2025-07-28,-1.0484558968146014,153199.5771,True
2025-07-29,-0.16379288033948042,153199.5771,True
2025-07-30,-0.0713317895966952,153199.5771,True
2025-07-31,-0.1968739116055863,153199.5771,True
2025-08-01,-0.27849946329910824,153199.5771,True
2025-08-04,0.0,154235.3471,False
2025-08-05,0.0,154249.0271,False
2025-08-06,0.0,155070.3471,False
2025-08-07,-0.3408388579018071,155070.3471,True
2025-08-08,-0.4891006012328785,155070.3471,True
2025-08-11,-0.14486973441489334,155070.3471,True
2025-08-12,0.0,155211.2171,False
2025-08-13,0.0,155489.5071,False
2025-08-14,0.0,155625.2771,False
2025-08-15,0.0,155769.8221,False
2025-08-18,0.0,155903.0571,False
2025-08-19,0.0,156666.8771,False
2025-08-20,0.0,158439.4971,False
2025-08-21,-0.31374121295415075,158439.4971,True
2025-08-22,-0.41953554016930855,158439.4971,True
2025-08-25,-0.7920562883432637,158439.4971,True
2025-08-26,-1.0825520349370021,158439.4971,True
2025-08-27,-1.2231356672237208,158439.4971,True
2025-08-28,-1.675636472340201,158439.4971,True
2025-08-29,-1.4254210858638183,158439.4971,True
2025-09-01,-1.3658021134933287,158439.4971,True
2025-09-02,-1.62039772089128,158439.4971,True
2025-09-03,-1.2614973138538326,158439.4971,True
2025-09-04,-0.6583333190849907,158439.4971,True
2025-09-05,-0.4623279001811533,158439.4971,True
2025-09-08,-0.5243831337558671,158439.4971,True
2025-09-09,-0.517093284815784,158439.4971,True
2025-09-10,-2.056128717666828,158439.4971,True
2025-09-11,-0.8708055915686264,158439.4971,True
2025-09-12,-1.057993764611614,158439.4971,True
2025-09-15,-1.5199997753590437,158439.4971,True
2025-09-16,-2.0171327595055826,158439.4971,True
2025-09-17,-1.4840933246057457,158439.4971,True
2025-09-18,-2.0417951705301194,158439.4971,True
2025-09-19,-1.537268196744367,158439.4971,True
2025-09-22,-1.5639219041676669,158439.4971,True
2025-09-23,-1.5007495249112344,158439.4971,True
2025-09-24,-1.6907810546187472,158439.4971,True
2025-09-25,-1.7013181999048377,158439.4971,True
2025-09-26,-0.8983618517178537,158439.4971,True
2025-09-29,-0.7613758072197307,158439.4971,True
2025-09-30,0.0,158531.1171,False
2025-10-01,0.0,159478.7971,False
2025-10-02,-0.05103499742912525,159478.7971,True
2025-10-03,0.0,159944.0971,False
