date,rolling_return_annual,rolling_volatility_annual,rolling_sharpe,rolling_max_drawdown
2021-01-04,,,,
2021-01-05,,,,
2021-01-06,,,,
2021-01-07,,,,
2021-01-08,,,,
2021-01-11,,,,
2021-01-12,,,,
2021-01-13,,,,
2021-01-14,,,,
2021-01-15,,,,
2021-01-18,,,,
2021-01-19,,,,
2021-01-20,,,,
2021-01-21,,,,
2021-01-22,,,,
2021-01-25,,,,
2021-01-26,,,,
2021-01-27,,,,
2021-01-28,,,,
2021-01-29,,,,
2021-02-01,,,,
2021-02-02,,,,
2021-02-03,,,,
2021-02-04,,,,
2021-02-05,,,,
2021-02-08,,,,
2021-02-09,,,,
2021-02-10,,,,
2021-02-11,,,,
2021-02-12,,,,
2021-02-15,,,,
2021-02-16,,,,
2021-02-17,,,,
2021-02-18,,,,
2021-02-19,,,,
2021-02-22,,,,
2021-02-23,,,,
2021-02-24,,,,
2021-02-25,,,,
2021-02-26,,,,
2021-03-01,,,,
2021-03-02,,,,
2021-03-03,,,,
2021-03-04,,,,
2021-03-05,,,,
2021-03-08,,,,
2021-03-09,,,,
2021-03-10,,,,
2021-03-11,,,,
2021-03-12,,,,
2021-03-15,,,,
2021-03-16,,,,
2021-03-17,,,,
2021-03-18,,,,
2021-03-19,,,,
2021-03-22,,,,
2021-03-23,,,,
2021-03-24,,,,
2021-03-25,,,,
2021-03-26,,,,
2021-03-29,0.0,0.0,,
2021-03-30,0.0,0.0,,
2021-03-31,0.0,0.0,,
2021-04-01,0.0,0.0,,
2021-04-05,0.0,0.0,,
2021-04-06,0.0,0.0,,
2021-04-07,0.0,0.0,,
2021-04-08,0.0,0.0,,
2021-04-09,0.0,0.0,,
2021-04-12,0.0,0.0,,
2021-04-13,0.0,0.0,,
2021-04-14,0.0,0.0,,
2021-04-15,0.0,0.0,,
2021-04-16,0.0,0.0,,
2021-04-19,0.0,0.0,,
2021-04-20,0.0,0.0,,
2021-04-21,0.0,0.0,,
2021-04-22,0.0,0.0,,
2021-04-23,0.0,0.0,,
2021-04-26,0.0,0.0,,
2021-04-27,0.0,0.0,,
2021-04-28,0.0,0.0,,
2021-04-29,0.0,0.0,,
2021-04-30,0.0,0.0,,
2021-05-03,0.0,0.0,,
2021-05-04,0.0,0.0,,
2021-05-05,0.0,0.0,,
2021-05-06,0.0,0.0,,
2021-05-07,0.0,0.0,,
2021-05-10,0.0,0.0,,
2021-05-11,0.0,0.0,,
2021-05-12,0.0,0.0,,
2021-05-13,0.0,0.0,,
2021-05-14,0.0,0.0,,
2021-05-17,0.0,0.0,,
2021-05-18,0.0,0.0,,
2021-05-19,0.0,0.0,,
2021-05-20,0.0,0.0,,
2021-05-21,0.0,0.0,,
2021-05-24,0.0,0.0,,
2021-05-25,0.0,0.0,,
2021-05-26,0.0,0.0,,
2021-05-27,0.0,0.0,,
2021-05-28,0.0,0.0,,
2021-06-01,0.0,0.0,,
2021-06-02,0.0,0.0,,
2021-06-03,0.0,0.0,,
2021-06-04,0.0,0.0,,
2021-06-07,0.0,0.0,,
2021-06-08,0.0,0.0,,
2021-06-09,0.0,0.0,,
2021-06-10,0.0,0.0,,
2021-06-11,0.0,0.0,,
2021-06-14,0.0,0.0,,
2021-06-15,0.0,0.0,,
2021-06-16,0.0,0.0,,
2021-06-17,0.0,0.0,,
2021-06-18,0.0,0.0,,
2021-06-21,0.0,0.0,,0.0
2021-06-22,0.0,0.0,,0.0
2021-06-23,0.0,0.0,,0.0
2021-06-24,0.0,0.0,,0.0
2021-06-25,0.0,0.0,,0.0
2021-06-28,0.0,0.0,,0.0
2021-06-29,0.0,0.0,,0.0
2021-06-30,0.0,0.0,,0.0
2021-07-01,0.0,0.0,,0.0
2021-07-02,0.0,0.0,,0.0
2021-07-05,0.0,0.0,,0.0
2021-07-06,0.0,0.0,,0.0
2021-07-07,0.0,0.0,,0.0
2021-07-08,0.0,0.0,,0.0
2021-07-09,0.0,0.0,,0.0
2021-07-12,0.0,0.0,,0.0
2021-07-13,0.0,0.0,,0.0
2021-07-14,0.0,0.0,,0.0
2021-07-15,0.0,0.0,,0.0
2021-07-16,0.0,0.0,,0.0
2021-07-19,0.0,0.0,,0.0
2021-07-20,0.0,0.0,,0.0
2021-07-21,0.0,0.0,,0.0
2021-07-22,0.0,0.0,,0.0
2021-07-23,0.0,0.0,,0.0
2021-07-26,0.0,0.0,,0.0
2021-07-27,0.0,0.0,,0.0
2021-07-28,0.0,0.0,,0.0
2021-07-29,0.0,0.0,,0.0
2021-07-30,0.0,0.0,,0.0
2021-08-02,0.0,0.0,,0.0
2021-08-03,0.0,0.0,,0.0
2021-08-04,0.0,0.0,,0.0
2021-08-05,0.0,0.0,,0.0
2021-08-06,0.0,0.0,,0.0
2021-08-09,0.0,0.0,,0.0
2021-08-10,0.0,0.0,,0.0
2021-08-11,0.0,0.0,,0.0
2021-08-12,0.0,0.0,,0.0
2021-08-13,0.0,0.0,,0.0
2021-08-16,0.0,0.0,,0.0
2021-08-17,0.0,0.0,,0.0
2021-08-18,0.0,0.0,,0.0
2021-08-19,0.0,0.0,,0.0
2021-08-20,0.0,0.0,,0.0
2021-08-23,0.0,0.0,,0.0
2021-08-24,0.0,0.0,,0.0
2021-08-25,0.0,0.0,,0.0
2021-08-26,0.0,0.0,,0.0
2021-08-27,0.0,0.0,,0.0
2021-08-30,0.0,0.0,,0.0
2021-08-31,0.0,0.0,,0.0
2021-09-01,0.0,0.0,,0.0
2021-09-02,0.0,0.0,,0.0
2021-09-03,0.0,0.0,,0.0
2021-09-06,0.0,0.0,,0.0
2021-09-07,0.0,0.0,,0.0
2021-09-08,0.0,0.0,,0.0
2021-09-09,0.0,0.0,,0.0
2021-09-10,0.0,0.0,,0.0
2021-09-13,0.0,0.0,,0.0
2021-09-14,0.0,0.0,,0.0
2021-09-15,0.0,0.0,,0.0
2021-09-16,0.0,0.0,,0.0
2021-09-17,0.0,0.0,,0.0
2021-09-20,0.0,0.0,,0.0
2021-09-21,0.0,0.0,,0.0
2021-09-22,0.0,0.0,,0.0
2021-09-23,0.0,0.0,,0.0
2021-09-24,0.0,0.0,,0.0
2021-09-27,0.0,0.0,,0.0
2021-09-28,0.0,0.0,,0.0
2021-09-29,0.0,0.0,,0.0
2021-09-30,0.0,0.0,,0.0
2021-10-01,0.0,0.0,,0.0
2021-10-04,0.0,0.0,,0.0
2021-10-05,0.0,0.0,,0.0
2021-10-06,0.0,0.0,,0.0
2021-10-07,0.0,0.0,,0.0
2021-10-08,0.0,0.0,,0.0
2021-10-11,0.0,0.0,,0.0
2021-10-12,0.0,0.0,,0.0
2021-10-13,0.0,0.0,,0.0
2021-10-14,0.0,0.0,,0.0
2021-10-15,0.0,0.0,,0.0
2021-10-18,0.0,0.0,,0.0
2021-10-19,0.0,0.0,,0.0
2021-10-20,0.0,0.0,,0.0
2021-10-21,0.0,0.0,,0.0
2021-10-22,0.0,0.0,,0.0
2021-10-25,0.0,0.0,,0.0
2021-10-26,0.0,0.0,,0.0
2021-10-27,0.0,0.0,,0.0
2021-10-28,0.0,0.0,,0.0
2021-10-29,0.0,0.0,,0.0
2021-11-01,0.0,0.0,,0.0
2021-11-02,0.0,0.0,,0.0
2021-11-03,0.0,0.0,,0.0
2021-11-04,0.0,0.0,,0.0
2021-11-05,0.0,0.0,,0.0
2021-11-08,0.0,0.0,,0.0
2021-11-09,0.0,0.0,,0.0
2021-11-10,0.0,0.0,,0.0
2021-11-11,0.0,0.0,,0.0
2021-11-12,0.0,0.0,,0.0
2021-11-15,0.0,0.0,,0.0
2021-11-16,0.0,0.0,,0.0
2021-11-17,0.0,0.0,,0.0
2021-11-18,0.0,0.0,,0.0
2021-11-19,0.0,0.0,,0.0
2021-11-22,0.0,0.0,,0.0
2021-11-23,0.0,0.0,,0.0
2021-11-24,0.0,0.0,,0.0
2021-11-25,0.0,0.0,,0.0
2021-11-26,0.0,0.0,,0.0
2021-11-29,0.0,0.0,,0.0
2021-11-30,0.0,0.0,,0.0
2021-12-01,0.0,0.0,,0.0
2021-12-02,0.0,0.0,,0.0
2021-12-03,0.0,0.0,,0.0
2021-12-06,0.0,0.0,,0.0
2021-12-07,0.0,0.0,,0.0
2021-12-08,0.0,0.0,,0.0
2021-12-09,0.0,0.0,,0.0
2021-12-10,0.0,0.0,,0.0
2021-12-13,0.0,0.0,,0.0
2021-12-14,0.0,0.0,,0.0
2021-12-15,0.0,0.0,,0.0
2021-12-16,0.0,0.0,,0.0
2021-12-17,0.0,0.0,,0.0
2021-12-20,0.0,0.0,,0.0
2021-12-21,0.0,0.0,,0.0
2021-12-22,0.0,0.0,,0.0
2021-12-23,0.0,0.0,,0.0
2021-12-24,-0.029162338800000385,0.01422976428113511,-2.0493901531919194,-0.6943414000000048
2021-12-27,-0.0033580203741817582,0.01915981541459906,-0.17526371217663572,-0.6943414000000048
2021-12-28,-0.0013787099222759335,0.01918554012405683,-0.0718619290028308,-0.6943414000000048
2021-12-29,0.004979965205423498,0.019436629125185744,0.2562154771462157,-0.6943414000000048
2021-12-30,0.002939300323073479,0.01946422554822657,0.15101039164341606,-0.6943414000000048
2021-12-31,0.00438544408459951,0.019476131680108574,0.2251701804357005,-0.6943414000000048
2022-01-03,0.020805243369403505,0.021045933989977568,0.9885635571845525,-0.6943414000000048
2022-01-04,0.0362804291220389,0.022301392886407593,1.6268234592715216,-0.6943414000000048
2022-01-05,0.0056141809841508735,0.027022972731822494,0.20775586164654505,-0.7301487651878126
2022-01-06,0.015616592493266836,0.02745193677344135,0.5688703358946704,-0.7301487651878126
2022-01-07,0.015482887434744729,0.02745232124051695,0.5639919225443675,-0.7301487651878126
2022-01-10,0.010007346957682862,0.027594431375731077,0.3626582052523897,-0.7301487651878126
2022-01-11,0.02609590111764146,0.02866674247496814,0.9103197246924186,-0.7301487651878126
2022-01-12,0.024237447981008596,0.028687905074246116,0.8448664312810763,-0.7301487651878126
2022-01-13,0.027224917771099144,0.028714743248023818,0.9481163573688856,-0.7301487651878126
2022-01-14,0.029971849042314893,0.02873550882233267,1.0430248243602134,-0.7301487651878126
2022-01-17,0.029984552507656817,0.028735456020192517,1.0434688242492673,-0.7301487651878126
2022-01-18,-0.005675401930618796,0.03372129839604203,-0.1683031852440455,-1.0013610881050292
2022-01-19,-0.02658139889964053,0.03521690520973954,-0.7547908807242159,-1.4941385273977281
2022-01-20,-0.06052113280390767,0.0388228313572089,-1.5589056925563383,-2.2901534622526643
2022-01-21,-0.08784498511536555,0.04088551863635256,-2.1485598824533416,-2.9258223708651925
2022-01-24,-0.0706210522594572,0.04188641354531157,-1.6860133461429272,-2.9258223708651925
2022-01-25,-0.07957137159146484,0.04205286533837372,-1.892174788833118,-2.9258223708651925
2022-01-26,-0.09902221961459567,0.04296546972407047,-2.304693053527136,-3.1858906934358715
2022-01-27,-0.11992203134561609,0.04396963429846465,-2.727382960058041,-3.6676518023438804
2022-01-28,-0.09246501438846799,0.046253662611939333,-1.99908524356729,-3.6676518023438804
2022-01-31,-0.058066834649485165,0.04946508666532733,-1.1738953383900013,-3.6676518023438804
2022-02-01,-0.04164090897392168,0.050186987129268536,-0.8297152579943801,-3.6676518023438804
2022-02-02,-0.049189388041305064,0.05029675242144162,-0.9779833820907992,-3.6676518023438804
2022-02-03,-0.07908932022139827,0.05225659122716599,-1.5134802780684071,-3.6676518023438804
2022-02-04,-0.08580329457495693,0.05231824069454467,-1.6400263738972367,-3.6676518023438804
2022-02-07,-0.07576935567167747,0.0526129112482629,-1.4401285516048898,-3.6676518023438804
2022-02-08,-0.04800478464467004,0.05448521162132819,-0.8810608092761562,-3.6676518023438804
2022-02-09,-0.02396878900276167,0.055816713660775535,-0.4294195668421343,-3.6676518023438804
2022-02-10,-0.057687018047685036,0.058134994920650274,-0.9922941960590744,-3.6676518023438804
2022-02-11,-0.06809815960955799,0.05831498832845038,-1.1677642671555617,-3.6676518023438804
2022-02-14,-0.08079599479169268,0.05858368497190746,-1.3791552175394335,-3.6676518023438804
2022-02-15,-0.04069421586334474,0.061976546120537296,-0.6566067070630097,-3.6676518023438804
2022-02-16,-0.02793865590608455,0.06232191330496114,-0.4482958629554862,-3.6676518023438804
2022-02-17,-0.06279834705677778,0.06454063149816466,-0.9730048436009426,-3.6676518023438804
2022-02-18,-0.0736691326959124,0.06471568550796858,-1.1383504959835642,-3.6676518023438804
2022-02-21,-0.0736935853108285,0.06471557427669575,-1.1387303000008415,-3.6676518023438804
2022-02-22,-0.10020366536167047,0.0658761521408172,-1.521091656165263,-3.6676518023438804
2022-02-23,-0.13135610877321433,0.0674206081985688,-1.9483079770853025,-3.9590516442598096
2022-02-24,-0.11605114347471299,0.06795245617347759,-1.7078285320319109,-3.9590516442598096
2022-02-25,-0.054572894739121254,0.07466604871525007,-0.7308930320826671,-3.9590516442598096
2022-02-28,-0.05655130746613872,0.07466645400220207,-0.7573857393103322,-3.9590516442598096
2022-03-01,-0.09317504336824635,0.07666628962500688,-1.2153326295558025,-3.9590516442598096
2022-03-02,-0.045006711861059916,0.0804137374752193,-0.5596893425694759,-3.9590516442598096
2022-03-03,-0.04865600155349174,0.08042520972005279,-0.6049844535420604,-3.9590516442598096
2022-03-04,-0.0674307165517176,0.08089973812494985,-0.8335097012004005,-3.9590516442598096
2022-03-07,-0.11693192953648397,0.08426890758336074,-1.3876046680777512,-3.9590516442598096
2022-03-08,-0.11766636926066565,0.08426555689632997,-1.3963756200582398,-3.9590516442598096
2022-03-09,-0.07209103063601412,0.08739860866034087,-0.8248532984796483,-3.9590516442598096
2022-03-10,-0.07361768454038391,0.08739670151899215,-0.8423393933738572,-3.9590516442598096
2022-03-11,-0.09452898518740936,0.08791969884480565,-1.075174123995469,-3.9590516442598096
2022-03-14,-0.11206163716707523,0.08825919783248178,-1.2696879183036662,-3.9590516442598096
2022-03-15,-0.09155543581835787,0.08892892078781135,-1.0295349927478994,-3.9590516442598096
2022-03-16,-0.045655958653691826,0.09189058819201514,-0.4968513049267772,-3.9590516442598096
2022-03-17,-0.018218500337847863,0.09291518764285692,-0.19607666733532614,-3.9590516442598096
2022-03-18,0.024458982788869574,0.09203513760988988,0.2657570078565436,-3.9590516442598096
2022-03-21,-0.004864517468864182,0.09118419876085412,-0.053348250409286334,-3.9590516442598096
2022-03-22,0.004468834605190919,0.09134884467975182,0.04892053775674593,-3.9590516442598096
2022-03-23,-0.03277326012716495,0.09252841908563522,-0.35419669384854874,-3.9590516442598096
2022-03-24,-0.009554661127873754,0.0931292807787006,-0.1025956718228944,-3.9590516442598096
2022-03-25,0.00931480075649498,0.09366166750020442,0.09945157933980461,-3.9590516442598096
2022-03-28,-0.01419789172591739,0.09337529216093166,-0.15205191220657627,-3.9590516442598096
2022-03-29,0.014465450706000693,0.095564898902237,0.1513678230413749,-3.9590516442598096
2022-03-30,0.025902212413454386,0.0948294044677124,0.2731453662378908,-3.9590516442598096
2022-03-31,-0.004695292887082636,0.09525603090478035,-0.049291292556333105,-3.9590516442598096
2022-04-01,0.01754251424314295,0.09586895826282722,0.1829843002471112,-3.9590516442598096
2022-04-04,0.008026631665092255,0.09611970001937394,0.08350662417250994,-3.9590516442598096
2022-04-05,-0.04533750799060124,0.09749216125593271,-0.46503746974675164,-3.9590516442598096
2022-04-06,-0.059121663024219416,0.09776155597004771,-0.6047537034121385,-3.9590516442598096
2022-04-07,-0.06576882456204458,0.09774995449954801,-0.6728271629256737,-3.9590516442598096
2022-04-08,-0.07008964853637634,0.09773155804470066,-0.7171649561170261,-3.9590516442598096
2022-04-11,-0.081890759068605,0.09786658075316881,-0.8367591719091859,-3.9590516442598096
2022-04-12,-0.043962179568801066,0.09638711379820404,-0.4561001760135721,-3.9590516442598096
2022-04-13,0.004170426895274936,0.09680840713589771,0.0430791810201006,-3.9590516442598096
2022-04-14,0.027989181891052862,0.09547076622135077,0.293170181814184,-3.9590516442598096
2022-04-18,0.049692982302579215,0.09452374268577156,0.5257195799765912,-3.9590516442598096
2022-04-19,0.06640517178195005,0.09557159077720165,0.6948212459574422,-3.9590516442598096
2022-04-20,0.09736928185492406,0.09597606964379164,1.0145162457298287,-3.9590516442598096
2022-04-21,0.08502046858956597,0.0968180538187797,0.8781468459250793,-3.9590516442598096
2022-04-22,0.05336996455113048,0.09977124377065588,0.5349233159186829,-3.9590516442598096
2022-04-25,0.023611783896942493,0.098905452519338,0.23873086160063742,-3.9590516442598096
2022-04-26,-0.06819920444046344,0.10137746281730967,-0.6727255007689814,-4.162164412229695
2022-04-27,-0.08554353075527837,0.10100249350139391,-0.8469447415582647,-4.183120966864999
2022-04-28,-0.038392723204210166,0.10291274901420752,-0.3730609042316992,-4.183120966864999
2022-04-29,-0.06566538492372655,0.10561519372289808,-0.6217418404402344,-4.596259463426562
2022-05-02,-0.05886532020755169,0.10557970279604716,-0.5575439089960724,-4.596259463426562
2022-05-03,-0.04994894105355663,0.10589411685379772,-0.4716875926404715,-4.596259463426562
2022-05-04,-0.01429919956954937,0.10958947907805963,-0.13047967459872836,-4.596259463426562
2022-05-05,-0.11291216758519723,0.11474322766245253,-0.9840421076297258,-4.596259463426562
2022-05-06,-0.10055381615694424,0.11406946163951752,-0.8815139013692775,-4.930206327300546
2022-05-09,-0.15187113748688866,0.11771124726902163,-1.2902007328135496,-6.327471144171493
2022-05-10,-0.15184385994878347,0.11771067757353378,-1.2899752433582476,-6.610062376678584
2022-05-11,-0.2226436796801464,0.11656586515153425,-1.9100246833900494,-7.292654785190905
2022-05-12,-0.2195070079895176,0.11668314040566653,-1.881223004680611,-7.292654785190905
2022-05-13,-0.13254605562550928,0.11874990137270773,-1.1161782375675497,-7.292654785190905
2022-05-16,-0.12026521479560388,0.11868418654605842,-1.0133213050159122,-7.292654785190905
2022-05-17,-0.061056936596473294,0.12238209762678325,-0.4989041516731694,-7.292654785190905
2022-05-18,-0.1063683020196175,0.12659220176387642,-0.8402437159440426,-7.292654785190905
2022-05-19,-0.07945175359650525,0.12575823009390238,-0.6317817413395485,-7.292654785190905
2022-05-20,-0.09473638089885046,0.12548972548712473,-0.7549333663063151,-7.292654785190905
2022-05-23,-0.13188238798355856,0.12223708285743082,-1.0789065388395875,-7.292654785190905
2022-05-24,-0.13992703923786365,0.12229659639985699,-1.1441613532756278,-7.292654785190905
2022-05-25,-0.0732291532689573,0.12209855606355943,-0.5997544576271422,-7.292654785190905
2022-05-26,-0.08286155418854946,0.12124260593893475,-0.6834359386029993,-7.292654785190905
2022-05-27,-0.03373017874411872,0.12337154527002324,-0.2734032281940985,-7.292654785190905
2022-05-30,-0.014963485132877307,0.12304014497912451,-0.12161465784534042,-7.292654785190905
2022-05-31,0.01569701904453913,0.12096043269913434,0.12976986518874667,-7.292654785190905
2022-06-01,0.004895741027163658,0.12109671464386977,0.04042835548067029,-7.292654785190905
2022-06-02,-0.008370936765812664,0.12005850139549794,-0.06972381521102815,-7.292654785190905
2022-06-03,-0.034342287768835925,0.12079771341662902,-0.28429584300482597,-7.292654785190905
2022-06-06,-0.004128116144370653,0.12046515484573733,-0.03426813462911285,-7.292654785190905
2022-06-07,0.039781055888607496,0.12082864669847579,0.3292353011937634,-7.292654785190905
2022-06-08,-0.019853168715408542,0.12195590717307223,-0.16278972602150515,-7.292654785190905
2022-06-09,-0.11663463575116749,0.12221577347279933,-0.9543337364479063,-7.292654785190905
2022-06-10,-0.19853317513314014,0.12396940805547522,-1.6014690902153723,-7.292654785190905
2022-06-13,-0.31844686045337256,0.13347318329039096,-2.3858489968021783,-8.703223111893314
2022-06-14,-0.33099608053710416,0.13357289812810585,-2.478018259509916,-9.052507232045988
2022-06-15,-0.313863623253457,0.1343548681008259,-2.336079277886081,-9.052507232045988
2022-06-16,-0.37722092260356294,0.14069126782109337,-2.6811964128665524,-10.4910769580609
2022-06-17,-0.3838512624042898,0.14041479580127164,-2.733695264903227,-10.4910769580609
2022-06-20,-0.4040318977068324,0.13982925867010423,-2.8894660641808523,-10.4910769580609
2022-06-21,-0.35766773545948544,0.141619131928578,-2.525560851763066,-10.4910769580609
2022-06-22,-0.4053338083358504,0.13942919822000943,-2.907094163277496,-10.4910769580609
2022-06-23,-0.37535679753292334,0.13954704722437047,-2.689822572378809,-10.4910769580609
2022-06-24,-0.28206229900072144,0.14456105785738466,-1.9511637724662152,-10.4910769580609
2022-06-27,-0.2924967717262434,0.14418174676613402,-2.0286671391260063,-10.4910769580609
2022-06-28,-0.30819531712073905,0.14465116941622339,-2.1306106156247453,-10.4910769580609
2022-06-29,-0.28699365737484006,0.1438784600611654,-1.9946950867616582,-10.4910769580609
2022-06-30,-0.2816735574255706,0.1438046346771491,-1.9587237786733809,-10.4910769580609
2022-07-01,-0.25156966518364043,0.14460508937873104,-1.739701322162746,-10.4910769580609
2022-07-04,-0.2603149924045342,0.14462970068425662,-1.7998723026664625,-10.4910769580609
2022-07-05,-0.2642703289148965,0.14469189599353383,-1.826434902247093,-10.4910769580609
2022-07-06,-0.28096440607422263,0.14473476594493337,-1.941236469620022,-10.4910769580609
2022-07-07,-0.2647089871717046,0.1458158180765743,-1.8153653743703875,-10.4910769580609
2022-07-08,-0.26061831064164087,0.14579069721280394,-1.7876196192492884,-10.4910769580609
2022-07-11,-0.28177175846929076,0.14620035158065406,-1.9272987747491583,-10.4910769580609
2022-07-12,-0.31876286457254566,0.1449424145769282,-2.1992379905011328,-10.4910769580609
2022-07-13,-0.34546097205847137,0.14430770763845277,-2.3939190616483645,-10.4910769580609
2022-07-14,-0.34392361207188776,0.14424246730168602,-2.3843436576314563,-10.4910769580609
2022-07-15,-0.2453182381794645,0.1445174230237466,-1.6974993952054809,-10.4910769580609
2022-07-18,-0.24643402517606788,0.14451510699912112,-1.7052475017547237,-10.4910769580609
2022-07-19,-0.11130590014368609,0.1474583564776562,-0.7548293823588889,-10.4910769580609
2022-07-20,-0.09005748302856732,0.14785501067698134,-0.6090932097344729,-10.4910769580609
2022-07-21,-0.1179113848580068,0.14659946556053832,-0.8043097865818292,-10.4910769580609
2022-07-22,-0.07818164586551085,0.1442395847490821,-0.5420262821853997,-10.4910769580609
2022-07-25,-0.06042731673782869,0.14454083352598365,-0.4180639841610285,-10.4910769580609
2022-07-26,-0.08718534787693555,0.14423564295245989,-0.604464653065483,-10.4910769580609
2022-07-27,-0.10108959207197304,0.14287470083271264,-0.7075401836909921,-10.4910769580609
2022-07-28,0.008231081380040738,0.13928303371421186,0.059096080552996116,-10.4910769580609
2022-07-29,0.05672557647454695,0.13948067428146851,0.40669129803657356,-10.4910769580609
2022-08-01,0.11634002722498238,0.13598415197328728,0.8555410725202464,-10.4910769580609
2022-08-02,0.09377260980393388,0.1370131735594713,0.6844057937482295,-10.4910769580609
2022-08-03,0.13973189884283888,0.1362259841614561,1.0257360202090928,-10.4910769580609
2022-08-04,0.11247696518089811,0.13621808647273267,0.8257124152409312,-10.4910769580609
2022-08-05,0.06366560533048354,0.1339231502862091,0.4753890958689581,-10.4910769580609
2022-08-08,0.08051900093141952,0.1341860129092285,0.6000550965463697,-10.4910769580609
2022-08-09,0.00365324526864621,0.13137572276025425,0.027807613095403992,-10.4910769580609
2022-08-10,0.12328162919833313,0.1284628505120141,0.9596675514124887,-10.4910769580609
2022-08-11,0.14023862248062943,0.12852824536853139,1.0911113123696714,-10.4910769580609
2022-08-12,0.17818591411075213,0.12969112780878958,1.3739252416206986,-10.4910769580609
2022-08-15,0.15499009087652926,0.1292591718416997,1.1990645512284541,-10.4910769580609
2022-08-16,0.17627492208211246,0.1291737719111706,1.3646340079264083,-10.4910769580609
2022-08-17,0.11729490250708184,0.12937949291085243,0.9065957816661304,-10.4910769580609
2022-08-18,0.09392819300409307,0.12827750335585925,0.7322265443810789,-10.4910769580609
2022-08-19,0.015098562138351724,0.12750760101420386,0.11841303591516714,-10.4910769580609
2022-08-22,-0.0313786530807967,0.1295312689693367,-0.2422477084527352,-10.4910769580609
2022-08-23,-0.010561996126987406,0.12921636335528092,-0.08173884369386836,-10.4910769580609
2022-08-24,0.009666791433295142,0.12916275901055052,0.07484193979245612,-10.4910769580609
2022-08-25,0.010023238994922967,0.12918435539081666,0.07758864426423798,-10.4910769580609
2022-08-26,-0.030477167259586335,0.13274686493122578,-0.22958860290505625,-10.4910769580609
2022-08-29,-0.053429400759928344,0.13280856055836363,-0.4023038916715646,-10.4910769580609
2022-08-30,-0.11351248011386438,0.13305740546951678,-0.8531090750891719,-10.4910769580609
2022-08-31,-0.09414518186619548,0.13207705728680066,-0.7128049624982373,-10.4910769580609
2022-09-01,-0.06357766510594788,0.13014167713953878,-0.4885265543164891,-10.4910769580609
2022-09-02,-0.03193691582723557,0.12789442454687067,-0.24971312033646428,-10.4910769580609
2022-09-05,0.07443789479105577,0.11660901299625644,0.6383545566365911,-10.4910769580609
2022-09-06,0.07072039981982892,0.11675663896459164,0.6057077391657021,-10.4910769580609
2022-09-07,0.08397077244821648,0.11768124236871166,0.7135442383003096,-10.4910769580609
2022-09-08,0.18685260583237157,0.10772221090312731,1.734578266318771,-10.181043743752484
2022-09-09,0.2168977468619572,0.1094776605606614,1.9812055331760996,-10.17815734009405
2022-09-12,0.2440039446881196,0.11006642358814572,2.21687901481337,-9.33829597113203
2022-09-13,0.11482747332261349,0.11783624956090076,0.9744664629984489,-9.028130355376856
2022-09-14,0.11334336148554502,0.11785506698801461,0.9617181881290823,-8.795339311039514
2022-09-15,0.08375498674146253,0.11820039699951566,0.7085846483392584,-8.183950570746696
2022-09-16,-0.009027483231844458,0.1132133467449186,-0.07973868356868129,-8.183950570746696
2022-09-19,0.004218352700427786,0.11373150639950103,0.03709044955062948,-8.183950570746696
2022-09-20,-0.0037795585122325057,0.1143207011230698,-0.033061015853670224,-8.183950570746696
2022-09-21,-0.020676497700062524,0.11518771857692248,-0.1795026236781896,-8.183950570746696
2022-09-22,-0.049372195400695734,0.1166315715956862,-0.42331758652664714,-8.183950570746696
2022-09-23,-0.13358575258836347,0.11907765441115864,-1.121837285500354,-9.249680575339974
2022-09-26,-0.1650672381888687,0.12057709955514956,-1.3689766862684423,-10.152877570227089
2022-09-27,-0.15665751713408627,0.12042741935746953,-1.3008459200564075,-10.309768241531554
2022-09-28,-0.0826477551280591,0.12403017576754344,-0.6663519955253228,-10.309768241531554
2022-09-29,-0.17579195048959073,0.12420033062143168,-1.4153903585443157,-10.309768241531554
2022-09-30,-0.18614602630768037,0.12436556361505706,-1.4967650280092768,-10.46358138909932
2022-10-03,-0.09074326863619771,0.12860894634500075,-0.7055750880096145,-10.46358138909932
2022-10-04,-0.009808226956517486,0.13431097991287907,-0.07302624821053053,-10.46358138909932
2022-10-05,-0.02634302296362632,0.13468754063405952,-0.19558619037524208,-10.46358138909932
2022-10-06,-0.021699075651045365,0.13445742584217849,-0.1613825009301829,-10.46358138909932
2022-10-07,-0.12473030984820742,0.1352418790562391,-0.92227578260976,-10.46358138909932
2022-10-10,-0.130048292283974,0.13527950857264656,-0.9613303127438303,-10.46358138909932
2022-10-11,-0.20802295894893866,0.12935142704684305,-1.608199953399862,-10.46358138909932
2022-10-12,-0.24259976275576925,0.1289107618993042,-1.8819201685059523,-10.46358138909932
2022-10-13,-0.19612036442286998,0.13224142173069595,-1.4830479123421767,-10.46358138909932
2022-10-14,-0.22740620529859065,0.13392381603781803,-1.6980266245876285,-10.46358138909932
2022-10-17,-0.18139079836913774,0.13755631250297082,-1.3186657527274164,-10.46358138909932
2022-10-18,-0.14279283173869806,0.1385172334807154,-1.0308669047925934,-10.46358138909932
2022-10-19,-0.22444698142622427,0.13683080742616247,-1.6403249067089063,-10.46358138909932
2022-10-20,-0.2812951206976555,0.1357669747266129,-2.071896506967805,-10.46358138909932
2022-10-21,-0.25430612900739447,0.13792033080287622,-1.8438625221314442,-10.46358138909932
2022-10-24,-0.23667012941791324,0.13825417009969188,-1.7118480350159124,-10.46358138909932
2022-10-25,-0.14723603638361926,0.14022590979866356,-1.0499916641298377,-10.46358138909932
2022-10-26,-0.15051939029041983,0.14013459733648542,-1.0741058464598778,-10.46358138909932
2022-10-27,-0.13000742196182039,0.14017821921356727,-0.9274438118217834,-10.46358138909932
2022-10-28,-0.08476035391444693,0.14232690776837964,-0.5955328844239662,-10.46358138909932
2022-10-31,-0.10731419709490227,0.1419970428516686,-0.7557495208333576,-10.46358138909932
2022-11-01,-0.07843811488344231,0.14191351130962174,-0.5527177374415667,-10.46358138909932
2022-11-02,-0.19857654788806867,0.14393937035745277,-1.3795846639799265,-10.46358138909932
2022-11-03,-0.22373233254320007,0.1437843054522858,-1.5560274943738188,-10.46358138909932
2022-11-04,-0.2117368197673278,0.14474253035305962,-1.4628514456038182,-10.46358138909932
2022-11-07,-0.19797049446955253,0.14500559849223302,-1.365261041835957,-10.46358138909932
2022-11-08,-0.20147335979583256,0.14493048232031844,-1.390137923853353,-10.46358138909932
2022-11-09,-0.21597515010194582,0.14572004439402936,-1.4821238286062108,-10.46358138909932
2022-11-10,-0.10241898940076655,0.15917500737328194,-0.6434363729010759,-10.46358138909932
2022-11-11,-0.04714638937187085,0.15879916433116778,-0.296893183099814,-10.46358138909932
2022-11-14,-0.023905438501975795,0.1575799674238317,-0.15170353752948193,-10.46358138909932
2022-11-15,0.00509383162684991,0.15831935448169548,0.03217440876717854,-10.46358138909932
2022-11-16,-0.03447893166130662,0.15897456626765386,-0.21688331958243534,-10.46358138909932
2022-11-17,-0.07484912827735461,0.15814904599237412,-0.47328219912856007,-10.46358138909932
2022-11-18,0.010584341417641085,0.15487840430666536,0.06833968534879577,-10.46358138909932
2022-11-21,0.021615228476980455,0.15473343757308422,0.13969332560566347,-10.46358138909932
2022-11-22,0.08508512316428389,0.15444904546671176,0.5508944578270132,-10.46358138909932
2022-11-23,0.11109153213272212,0.15410650703050005,0.7208750251586417,-10.46358138909932
2022-11-24,0.1314453889641948,0.15371718296324904,0.8551118777373183,-10.46358138909932
2022-11-25,0.1656803298987277,0.15327549365514395,1.080931634586632,-10.46358138909932
2022-11-28,0.11799540653383742,0.1552387935097979,0.7600896906377343,-10.46358138909932
2022-11-29,0.15081357427443295,0.15495101225179178,0.973298412722625,-10.46358138909932
2022-11-30,0.16397585768940473,0.1558871717327114,1.0518880794794483,-10.46358138909932
2022-12-01,0.15686724887120682,0.15586052525748115,1.0064591314065094,-10.46358138909932
2022-12-02,0.1075899866980081,0.15449571719539393,0.6963946227838589,-10.46358138909932
2022-12-05,0.029761950730708288,0.15605128976033922,0.19071903075210822,-10.46358138909932
2022-12-06,0.09693148026464683,0.14995230388500955,0.6464154117897277,-10.46358138909932
2022-12-07,0.09184686112412006,0.15002722090078183,0.6122013096867371,-10.46358138909932
2022-12-08,0.12134595764944567,0.14974759533318074,0.8103366025975717,-10.46358138909932
2022-12-09,0.12448580006535782,0.14964316917459125,0.8318842801312107,-10.46358138909932
2022-12-12,0.12102817539303927,0.1495248481130642,0.8094184807432341,-10.46358138909932
2022-12-13,0.16975291775108456,0.1481974572692342,1.1454509468586225,-10.46358138909932
2022-12-14,0.19309917842810967,0.14726681517177842,1.3112198984059673,-10.46358138909932
2022-12-15,0.18227140041312576,0.14811109185720495,1.2306397726704696,-10.46358138909932
2022-12-16,0.21902668563498837,0.14552055739862577,1.5051253895008565,-10.46358138909932
2022-12-19,0.23914473963545235,0.14432531004783813,1.6569840699194434,-10.46358138909932
2022-12-20,0.25820919706370193,0.1442630427656931,1.7898499304709392,-10.46358138909932
2022-12-21,0.23361070840007786,0.14246888349944992,1.6397314463475798,-10.46358138909932
2022-12-22,0.2607597969589023,0.1406014437787445,1.8546025556412016,-10.46358138909932
2022-12-23,0.297440765452879,0.14043106557541843,2.118055319413201,-10.086927691936646
2022-12-27,0.23196880550020096,0.13683108169707348,1.6952932230247968,-10.086927691936646
2022-12-28,0.11591470868873842,0.13330387175536132,0.8695524530710149,-10.086927691936646
2022-12-29,0.17931835751538916,0.1342245978625898,1.3359574949068824,-10.086927691936646
2022-12-30,0.1957563015806021,0.13361458839098478,1.4650817993599428,-10.086927691936646
2023-01-03,0.25413743951852413,0.13023562054702295,1.9513665957983064,-10.086927691936646
2023-01-04,0.2954448523064792,0.13079801841255206,2.25878691353421,-10.086927691936646
2023-01-05,0.2729040856882404,0.13147499727495893,2.0757109058348577,-10.086927691936646
2023-01-06,0.34741691520168433,0.13390077793840988,2.594584740661366,-9.898033902218401
2023-01-09,0.2896576705210877,0.13136600269813836,2.204966768964437,-9.898033902218401
2023-01-10,0.36096642977423915,0.12891204305733336,2.800098588257577,-9.043992387670997
2023-01-11,0.3237943472378124,0.12611951843237118,2.567361113192325,-9.043992387670997
2023-01-12,0.3189442945147261,0.1259050899088287,2.5332120786036714,-9.043992387670997
2023-01-13,0.3572978404644627,0.12452542615279813,2.8692761912418008,-9.043992387670997
2023-01-16,0.3794137959240696,0.12378418425819089,3.06512336933677,-7.871881100170963
2023-01-17,0.3225450209798591,0.121557210341307,2.6534421123536873,-7.5314021703661735
2023-01-18,0.2709136825407211,0.12311450538504635,2.200501733678139,-6.542456783720568
2023-01-19,0.20056446601472175,0.12100833891006564,1.6574433449894959,-6.542456783720568
2023-01-20,0.22603869786765016,0.12208215128487117,1.8515294454486044,-6.542456783720568
2023-01-23,0.24232446031111968,0.12251385992694629,1.9779350716369166,-6.542456783720568
2023-01-24,0.19082849244009792,0.12054609020965845,1.5830334447861525,-6.542456783720568
2023-01-25,0.20321312484663892,0.1205117127854517,1.6862520675348913,-6.542456783720568
2023-01-26,0.20604760422067436,0.12056410047464608,1.7090294989096275,-6.542456783720568
2023-01-27,0.282824779249652,0.1145522908293281,2.4689578637151284,-6.542456783720568
2023-01-30,0.2704004806067753,0.11516143408073022,2.3480124467468833,-5.591352426851963
2023-01-31,0.2706299820727392,0.11518342074303375,2.3495567359168468,-5.591352426851963
2023-02-01,0.2865261225783523,0.11579025171549975,2.4745271586623363,-5.591352426851963
2023-02-02,0.29828222894942463,0.11600548933219444,2.5712768479020918,-5.591352426851963
2023-02-03,0.321573264208324,0.11419618595310431,2.815972018018018,-3.8747679331663414
2023-02-06,0.16513854603090727,0.09757958940496429,1.6923472115215312,-3.8747679331663414
2023-02-07,0.1564254651930668,0.09725715532503641,1.6083697355766582,-3.8747679331663414
2023-02-08,0.15069315726305776,0.09766544776111956,1.5429526072684268,-3.8747679331663414
2023-02-09,0.09458918237386284,0.0975430797030685,0.9697169974723205,-3.8747679331663414
2023-02-10,0.1336288963390182,0.09624933830245662,1.3883617144369242,-3.8747679331663414
2023-02-13,0.16494733150610325,0.09667902615539575,1.7061335644918199,-3.8747679331663414
2023-02-14,0.14087774433766476,0.09650696602890667,1.4597676223234262,-3.8747679331663414
2023-02-15,0.15553792843809716,0.09658937630091873,1.6103005775037573,-3.8747679331663414
2023-02-16,0.11357174430997681,0.09589914109096999,1.18428322733613,-3.8747679331663414
2023-02-17,0.11055120263240074,0.09587726817793508,1.1530491505789762,-3.8747679331663414
2023-02-20,0.11056499102416271,0.09587720562600552,1.1531937158812366,-3.8747679331663414
2023-02-21,0.04785019877095915,0.09918770531846591,0.4824206651149415,-3.8747679331663414
2023-02-22,0.0948536752438929,0.09622959621364545,0.9857016861351285,-3.8747679331663414
2023-02-23,0.09121473124701972,0.09614108592679493,0.948759111338452,-3.8747679331663414
2023-02-24,0.020541543373251203,0.09277328662099583,0.2214165749799186,-3.8747679331663414
2023-02-27,0.022288981534638232,0.09278263235166931,0.24022794966796626,-3.8747679331663414
2023-02-28,0.018420802569957262,0.09285284275963362,0.19838706088560842,-3.8747679331663414
2023-03-01,0.07239356328158068,0.08935897293796959,0.8101431887744972,-3.8747679331663414
2023-03-02,0.09864305310854883,0.0885705237287714,1.1137232676936903,-3.8747679331663414
2023-03-03,0.13218378507996362,0.08900504559289345,1.485126873419834,-3.8747679331663414
2023-03-06,0.09410342094569035,0.09006243729537496,1.0448686907846199,-3.8747679331663414
2023-03-07,0.07957453457599259,0.09105902169061793,0.8738786459441106,-3.8747679331663414
2023-03-08,0.062131982333434685,0.09052147503419782,0.6863783683370387,-3.8747679331663414
2023-03-09,0.0023267862462981845,0.093728505876283,0.02482474487931588,-4.647143979379598
2023-03-10,-0.041558020171372716,0.09720564966939356,-0.4275267982130239,-5.861971391797996
2023-03-13,-0.025428264645780074,0.0955350487896947,-0.2661668672170397,-6.617680742920842
2023-03-14,0.031094151356537904,0.09656096061964775,0.3220157624468684,-6.617680742920842
2023-03-15,0.011433661618318158,0.09811942640899776,0.11652801118769755,-6.755182358263931
2023-03-16,0.022469508872098445,0.0985803796344122,0.2279308413644498,-6.755182358263931
2023-03-17,-0.06281281064904251,0.10010176912239874,-0.6274895159169324,-7.3724375301078435
2023-03-20,-0.011022294603055482,0.1006012991718116,-0.10956413777749623,-7.3724375301078435
2023-03-21,-0.0042500349990887585,0.1009886494495612,-0.04208428394927134,-7.3724375301078435
2023-03-22,-0.059846043861803304,0.10415243026228138,-0.5746005514330897,-7.3724375301078435
2023-03-23,-0.03654613260423241,0.10274976565465802,-0.35568093388226274,-7.625966406044264
2023-03-24,-0.053840817252682124,0.10134262156997917,-0.5312751576640824,-7.625966406044264
2023-03-27,-0.022426383718209375,0.1018787838876792,-0.22012810579810554,-7.625966406044264
2023-03-28,-0.017032044272795834,0.10193557501191394,-0.16708636087847817,-7.625966406044264
2023-03-29,-0.023709650084116983,0.10146541482894159,-0.23367223328351425,-7.625966406044264
2023-03-30,0.002913674917180775,0.10087186608077456,0.0288849114266173,-7.625966406044264
2023-03-31,-0.02171663546461844,0.0979863750376738,-0.22162913421655642,-7.625966406044264
2023-04-03,-0.021955890568307778,0.09798595356520441,-0.22407181610675767,-7.625966406044264
2023-04-04,-0.0833834401387159,0.09908121842828549,-0.8415665598527983,-7.625966406044264
2023-04-05,-0.11776330715568759,0.09813826818004255,-1.1999733573822733,-7.625966406044264
2023-04-06,-0.1409432812363437,0.09718969027570505,-1.4501875747985167,-7.625966406044264
2023-04-10,-0.12997045542154095,0.09757038897498739,-1.33206864077235,-7.625966406044264
2023-04-11,-0.11413238279200726,0.09796125809150064,-1.1650767355948204,-7.625966406044264
2023-04-12,-0.12207682436545708,0.09805446592837226,-1.2449899472669903,-7.625966406044264
2023-04-13,-0.06772119532031066,0.09706292852116681,-0.6977040189503709,-7.625966406044264
2023-04-14,-0.06959376181115551,0.09713738358774307,-0.7164467400781108,-7.625966406044264
2023-04-17,-0.09000653492633641,0.09567234002673163,-0.9407790684453611,-7.625966406044264
2023-04-18,-0.1274662678190492,0.09486141340241658,-1.3437104007539702,-7.625966406044264
2023-04-19,-0.12136639995562408,0.09489510871449426,-1.2789531683953548,-7.625966406044264
2023-04-20,-0.14485018213600084,0.09498070701253897,-1.5250484723900646,-7.625966406044264
2023-04-21,-0.1630411021241691,0.09463231685966915,-1.7228903141613217,-7.625966406044264
2023-04-24,-0.16852725936297341,0.09456961081399418,-1.7820445480572409,-7.625966406044264
2023-04-25,-0.18692566602998195,0.09602325850703239,-1.9466707226592628,-7.625966406044264
2023-04-26,-0.25516362739499765,0.09256117591747505,-2.7567025252844064,-7.625966406044264
2023-04-27,-0.2528238794753261,0.09278248726598452,-2.7249094837320142,-7.625966406044264
2023-04-28,-0.25474084523345614,0.09266842609476884,-2.7489497336767257,-7.625966406044264
2023-05-01,-0.23773235382222618,0.09233414067027675,-2.5746961210281185,-7.625966406044264
2023-05-02,-0.25364802509749357,0.0936425783211644,-2.7086826275496296,-7.625966406044264
2023-05-03,-0.27086140789363683,0.09324220559200384,-2.904922788708304,-7.625966406044264
2023-05-04,-0.2640008176498775,0.09286573171164203,-2.842822780631591,-7.625966406044264
2023-05-05,-0.19271149635263354,0.09549069240326805,-2.01811811709136,-7.625966406044264
2023-05-08,-0.2102117305921724,0.09536780279745663,-2.2042211776507297,-7.625966406044264
2023-05-09,-0.24294059481529923,0.0944472129786282,-2.5722367781278264,-7.625966406044264
2023-05-10,-0.23278199115708134,0.09450993362530108,-2.463042584285169,-7.625966406044264
2023-05-11,-0.2622949132866779,0.09440319473290529,-2.778453780391524,-7.625966406044264
2023-05-12,-0.25207272588064644,0.09432961390372817,-2.672254400806827,-7.625966406044264
2023-05-15,-0.23910163133178963,0.09478809698514408,-2.5224858282497586,-7.625966406044264
2023-05-16,-0.2700923736557466,0.0956705411242942,-2.823150893490247,-7.625966406044264
2023-05-17,-0.1764260024966468,0.09549352915431082,-1.8475178795785712,-7.625966406044264
2023-05-18,-0.16207780485268297,0.09583090392139852,-1.6912895341738696,-7.625966406044264
2023-05-19,-0.18197826144521778,0.09571467169972896,-1.901257750913156,-7.625966406044264
2023-05-22,-0.15328457454753913,0.09581082188019953,-1.5998670248252744,-7.625966406044264
2023-05-23,-0.16652235079401784,0.09583336355494713,-1.7376239820544375,-7.625966406044264
2023-05-24,-0.187174333310663,0.09666106306036006,-1.9363984564682666,-7.625966406044264
2023-05-25,-0.20375666211067223,0.0967294729909116,-2.106458929325673,-7.625966406044264
2023-05-26,-0.18351696722060723,0.09757996826994109,-1.8806827925269833,-7.625966406044264
2023-05-30,-0.2138647769901447,0.09670386223224572,-2.2115432833129582,-7.625966406044264
2023-05-31,-0.2073359621256373,0.09636574121499361,-2.1515526110370202,-7.625966406044264
2023-06-01,-0.15581403787661238,0.09601753835454464,-1.6227664294128146,-7.625966406044264
2023-06-02,-0.09627271364618668,0.10126257264823957,-0.950723560822552,-7.625966406044264
2023-06-05,-0.07172490448475162,0.09912130817518947,-0.7236073232405613,-7.625966406044264
2023-06-06,0.029378136048687466,0.09847584522763603,0.29832834621299453,-7.625966406044264
2023-06-07,0.10418083426573767,0.09894778964905097,1.0528869278964927,-7.625966406044264
2023-06-08,0.0601486842556132,0.0976328248559804,0.6160703057024048,-7.625966406044264
2023-06-09,0.08798334339350615,0.0956339362831037,0.9200012758342435,-7.625966406044264
2023-06-12,0.06609199899948387,0.09504814216869688,0.6953528758319127,-7.625966406044264
2023-06-13,0.13503817354504072,0.09192321007222519,1.4690323960503509,-7.625966406044264
2023-06-14,0.08626449783778224,0.09153099323041008,0.942462162741198,-7.625966406044264
2023-06-15,0.07858484518266474,0.09108591444605664,0.8627551873479259,-7.625966406044264
2023-06-16,0.12587222634207818,0.08716786762290261,1.4440209422882144,-7.625966406044264
2023-06-19,0.14074591818009682,0.08676788003116233,1.622097003286798,-7.107993606963254
2023-06-20,0.09468155196436433,0.08678127691781373,1.091036630562979,-7.107993606963254
2023-06-21,0.07103603052086284,0.08618345388004953,0.8242420943088573,-7.107993606963254
2023-06-22,0.04687297354706794,0.08660769980737597,0.5412102347864917,-7.107993606963254
2023-06-23,-0.008691422274370253,0.0869496330739285,-0.0999592748940115,-7.107993606963254
2023-06-26,0.00688172427619127,0.08745231445470907,0.07869116236775262,-7.107993606963254
2023-06-27,-0.00277035535266259,0.08662597140919275,-0.03198065554239315,-7.107993606963254
2023-06-28,-0.007810500931315966,0.08665699539660487,-0.09013122247741782,-7.107993606963254
2023-06-29,0.06219164933339548,0.08581189693308482,0.7247439056369055,-7.107993606963254
2023-06-30,0.0831090094517237,0.08590343264767111,0.9674701800635999,-7.107993606963254
2023-07-03,0.09651787793205327,0.08620404660058928,1.1196443988209885,-7.107993606963254
2023-07-04,0.07054085328731884,0.08599938466123296,0.8202483490456582,-7.107993606963254
2023-07-05,0.03199431459907782,0.08646243401043813,0.37003717238882405,-7.107993606963254
2023-07-06,0.015848243278949292,0.08732452933302488,0.18148673001728638,-7.107993606963254
2023-07-07,0.013302812451929345,0.08720636636065089,0.15254405162249504,-7.107993606963254
2023-07-10,0.046986330286035716,0.0870485139177467,0.5397717683088045,-7.107993606963254
2023-07-11,0.0531189135605105,0.08737663062626266,0.6079304406657291,-7.107993606963254
2023-07-12,0.08745451705885998,0.08775371146173333,0.9965905213820635,-7.107993606963254
2023-07-13,0.10140175246614164,0.08808177219563103,1.151222891393769,-7.107993606963254
2023-07-14,0.09417337188076096,0.08849081720723906,1.0642163204371111,-7.107993606963254
2023-07-17,0.10627250839794238,0.08849799751285799,1.200846475452757,-7.107993606963254
2023-07-18,0.1317030286791752,0.08916977343337322,1.4769918505802013,-7.107993606963254
2023-07-19,0.1907483314904034,0.08649677994837068,2.205265116276695,-7.107993606963254
2023-07-20,0.20595800030955375,0.0859095143132231,2.3973828970635083,-6.455429346249519
2023-07-21,0.17056170420865321,0.0846732616167308,2.0143514133268194,-6.455429346249519
2023-07-24,0.16187431082036005,0.08441241120472097,1.9176600752201571,-6.455429346249519
2023-07-25,0.1659838901968732,0.08436777589576464,1.9673849219629103,-6.455429346249519
2023-07-26,0.21928825573153832,0.0812214364779394,2.699881524394109,-6.455429346249519
2023-07-27,0.1956089168674005,0.08257250219180787,2.3689353195694625,-6.455429346249519
2023-07-28,0.2354104693366993,0.08189194615097518,2.8746473908764956,-5.9997397703757045
2023-07-31,0.2018513447435853,0.07929707602052162,2.545508042331187,-5.9997397703757045
2023-08-01,0.20070701160478366,0.07934341987787807,2.529598697834088,-5.9997397703757045
2023-08-02,0.18358117551868336,0.08042730293542069,2.2825728181646268,-5.9997397703757045
2023-08-03,0.172559286643359,0.08059154228125837,2.141158758832784,-5.9997397703757045
2023-08-04,0.18867088654905026,0.07998780420491196,2.358745666598311,-5.9997397703757045
2023-08-07,0.19923063251830683,0.07998993623395272,2.490696228780602,-5.637251561576412
2023-08-08,0.17208451384910933,0.0800286392293273,2.150286641210903,-5.575710102937305
2023-08-09,0.1953855424715375,0.07843722453390527,2.4909798075157563,-5.449286812778984
2023-08-10,0.14691624567047648,0.07611682966943244,1.9301414195588364,-5.449286812778984
2023-08-11,0.1356476600610779,0.0759138857724495,1.7868622937795506,-5.449286812778984
2023-08-14,0.13645891160546667,0.07588187379572521,1.798307089421849,-5.449286812778984
2023-08-15,0.09065727501560528,0.07760371807915828,1.168207880492684,-5.449286812778984
2023-08-16,0.08137906983408301,0.07806640545023649,1.0424339299951269,-5.449286812778984
2023-08-17,0.09585496923222495,0.0770066267869119,1.244762603320738,-5.449286812778984
2023-08-18,0.11496992827525877,0.076681636101761,1.499315013606217,-4.914545980832626
2023-08-21,0.08522859279841988,0.07600108907573724,1.1214127828285088,-4.446960690684007
2023-08-22,0.08501579739622338,0.076006802861998,1.1185287920948679,-4.295963185973086
2023-08-23,0.1297899715807428,0.07596453357984034,1.7085601064650884,-3.839094557669192
2023-08-24,0.08996086819084397,0.07617953912120988,1.180905912908012,-3.3578483889568425
2023-08-25,0.03159837159635592,0.06971664914106109,0.45323996470945416,-3.3578483889568425
2023-08-28,0.0758563778229279,0.06910108885059169,1.0977595155836444,-3.3578483889568425
2023-08-29,0.051742034839168526,0.06612409022877111,0.7824990054328969,-3.3578483889568425
2023-08-30,0.015539456553764276,0.06308137462855103,0.24633985301155786,-3.3578483889568425
2023-08-31,0.01437948822223758,0.06312300477008924,0.22780107307330344,-3.3578483889568425
2023-09-01,0.04171753098832083,0.06309080979009578,0.6612299180675566,-3.3578483889568425
2023-09-04,0.03294490844768368,0.06322982406208431,0.521034321008637,-3.3578483889568425
2023-09-05,-0.031697156111747754,0.06653044166995775,-0.47643086857877887,-3.3578483889568425
2023-09-06,-0.022242199784312053,0.06603587251808944,-0.3368199576407379,-3.441224808848663
2023-09-07,-0.06266764445992329,0.06605305607541082,-0.9487470858029263,-3.924852019894199
2023-09-08,-0.05881121314388806,0.06602179578909827,-0.8907848149383292,-3.9544728663272988
2023-09-11,-0.05374145335459395,0.0660863263478849,-0.813200798478246,-3.9544728663272988
2023-09-12,-0.02802021448104537,0.06536308586189082,-0.4286856122468083,-3.9544728663272988
2023-09-13,-0.03359632525780257,0.06543918172774073,-0.5133976979965894,-3.9544728663272988
2023-09-14,0.01632372932149755,0.06685357979051103,0.2441713573551148,-3.9544728663272988
2023-09-15,0.029896241128414314,0.06569981724225608,0.45504298768712526,-3.9544728663272988
2023-09-18,0.0009142629831752957,0.06520140636920037,0.014022135933668639,-3.9544728663272988
2023-09-19,-0.02782193437088154,0.06392544815413956,-0.435224705876073,-3.9544728663272988
2023-09-20,-0.02904662751229223,0.0639484025546084,-0.4542197514236265,-3.9544728663272988
2023-09-21,-0.09265777283872766,0.0638608416743133,-1.4509325340758439,-4.684658742948381
2023-09-22,-0.11237781580354538,0.06348064123473278,-1.7702690712906506,-4.832143483367454
2023-09-25,-0.12377059413393368,0.06293771464601021,-1.9665568543452003,-4.832143483367454
2023-09-26,-0.15082460274699852,0.06498937139851833,-2.3207579870581285,-5.537137760730217
2023-09-27,-0.12256295935684952,0.06432388411941681,-1.905403584294013,-5.537137760730217
2023-09-28,-0.08027258164686844,0.06368390452350117,-1.2604846114177182,-5.537137760730217
2023-09-29,-0.1018525864403997,0.06315424728719163,-1.6127590908847158,-5.537137760730217
2023-10-02,-0.1524187333486941,0.06459309046067756,-2.3596755049440206,-5.984774700597556
2023-10-03,-0.21441097559119768,0.06569157458990907,-3.2639037339216634,-6.85375084476238
2023-10-04,-0.22786162477363206,0.06472910942701615,-3.520234200511476,-6.85375084476238
2023-10-05,-0.24421701291776388,0.06393845717405199,-3.8195637447578883,-6.85375084476238
2023-10-06,-0.2097799499379775,0.0637273538045603,-3.291835254627594,-6.85375084476238
2023-10-09,-0.20117664804735735,0.06423731108656751,-3.1317725577935165,-6.85375084476238
2023-10-10,-0.20140233105316158,0.06421380102995619,-3.1364337233238375,-6.85375084476238
2023-10-11,-0.20976426474529372,0.06373803282594828,-3.2910376339681595,-6.85375084476238
2023-10-12,-0.24708713434021656,0.06619868722931803,-3.732508070504256,-6.85375084476238
2023-10-13,-0.2541285794450964,0.06623992338549027,-3.836486614970373,-6.85375084476238
2023-10-16,-0.22839974254321446,0.06862313047274674,-3.3283200718148827,-6.85375084476238
2023-10-17,-0.20914286680516814,0.06958637511881058,-3.005514606100421,-6.85375084476238
2023-10-18,-0.2609205112935921,0.07176683763313539,-3.6356696198234433,-6.85375084476238
2023-10-19,-0.26709942919053875,0.07231447805634857,-3.693581650169842,-6.8948455398540025
2023-10-20,-0.3037513324839602,0.07180749419376,-4.2300784325427125,-7.3152896688245965
2023-10-23,-0.3405610798144702,0.07186136251319984,-4.73914030995327,-7.6189006156368295
2023-10-24,-0.3126887083355182,0.07269196004986511,-4.301558358324916,-7.6189006156368295
2023-10-25,-0.30848498925856804,0.07242594835769613,-4.259315842645612,-7.6189006156368295
2023-10-26,-0.29166166255248044,0.07275786850845971,-4.008661448329376,-7.6189006156368295
2023-10-27,-0.31923848610238065,0.07367506442442111,-4.333060155378195,-7.6189006156368295
2023-10-30,-0.31103854569350975,0.07415671949387065,-4.194340685731363,-7.6189006156368295
2023-10-31,-0.28051897512294127,0.07507179585946709,-3.7366759634745814,-7.6189006156368295
2023-11-01,-0.2605362178104037,0.075512866858035,-3.450222838184843,-7.6189006156368295
2023-11-02,-0.205206282029626,0.07989942469625233,-2.568307379054898,-7.6189006156368295
2023-11-03,-0.15630323339888832,0.0842054052123188,-1.8562137787328408,-7.6189006156368295
2023-11-06,-0.16601634036599833,0.08453618293755534,-1.9638494973049616,-7.6189006156368295
2023-11-07,-0.14440891200218559,0.083318558775443,-1.7332142337146155,-7.6189006156368295
2023-11-08,-0.1461247199343003,0.0834066339349594,-1.7519556064119377,-7.6189006156368295
2023-11-09,-0.15821429807980897,0.0840442613842976,-1.8825116132125221,-7.6189006156368295
2023-11-10,-0.14156309639315479,0.0848436194349474,-1.6685178842670214,-7.6189006156368295
2023-11-13,-0.14221444115099102,0.08485095908207445,-1.6760498960704753,-7.6189006156368295
2023-11-14,-0.03738767940892451,0.09785249752167577,-0.3820820148268836,-7.6189006156368295
2023-11-15,-0.05289319077488321,0.09720267803178576,-0.5441536369768215,-7.6189006156368295
2023-11-16,-0.054249878611193875,0.0972687745888397,-0.5577316959169168,-7.6189006156368295
2023-11-17,-0.03965247898908837,0.09774997343984268,-0.40565206918947466,-7.6189006156368295
2023-11-20,-0.04583057062663509,0.09749467340554621,-0.47008281607339497,-7.6189006156368295
2023-11-21,-0.08873719497469099,0.09715871113155139,-0.9133220679980223,-7.6189006156368295
2023-11-22,-0.08525028287294667,0.0972288753313722,-0.8768000512440313,-7.6189006156368295
2023-11-23,-0.07556052912705824,0.0971444104698412,-0.7778165389198204,-7.6189006156368295
2023-11-24,-0.07652001857202069,0.09710944709786391,-0.7879770800765261,-7.6189006156368295
2023-11-27,-0.07434906459618687,0.09707937334010698,-0.765858513895769,-7.6189006156368295
2023-11-28,-0.03296944633362861,0.09452670774527389,-0.3487844559494563,-7.6189006156368295
2023-11-29,-0.01606090003867362,0.09447565489889855,-0.170000409691374,-7.6189006156368295
2023-11-30,0.012540483034608996,0.09398278860797143,0.13343382570737358,-7.6189006156368295
2023-12-01,0.07080664385442262,0.09797270333411323,0.7227180780441768,-7.6189006156368295
2023-12-04,0.06863370593544642,0.09795755356295695,0.7006474073623714,-7.6189006156368295
2023-12-05,0.038146321387619614,0.09882686019254827,0.3859914330304295,-7.6189006156368295
2023-12-06,0.04382973511502248,0.09875959468098656,0.4438022984663047,-7.6189006156368295
2023-12-07,0.031084773686085396,0.09795767873876213,0.3173286064585467,-7.6189006156368295
2023-12-08,0.05201689396665135,0.09762995581819918,0.5327964509531704,-7.6189006156368295
2023-12-11,0.06752819795839128,0.09752117380638978,0.6924465254330922,-7.6189006156368295
2023-12-12,0.06714323465426071,0.09752506127337228,0.6884715967114511,-7.6189006156368295
2023-12-13,0.13730518677221093,0.10217690575617826,1.3437986378238764,-7.6189006156368295
2023-12-14,0.21026553599005285,0.1023716204537447,2.053943613064703,-7.6189006156368295
2023-12-15,0.1905086668512955,0.10328887230084535,1.8444258573799561,-7.6189006156368295
2023-12-18,0.18618668964902663,0.10329417910370041,1.8024896588035975,-7.6189006156368295
2023-12-19,0.25365244118264535,0.10237582571980944,2.4776595392437875,-7.6189006156368295
2023-12-20,0.21404710032326182,0.10406073278902389,2.0569440036255355,-7.6189006156368295
2023-12-21,0.23139100217429526,0.10488135467636225,2.206216756908893,-7.6189006156368295
2023-12-22,0.2493293287631666,0.10484341390010221,2.3781115044645027,-7.6189006156368295
2023-12-26,0.3045046761296874,0.10331128924139256,2.9474482253163576,-7.6189006156368295
2023-12-27,0.34452125950655255,0.10101417977597288,3.4106227489113365,-7.6189006156368295
2023-12-28,0.3353144474479748,0.1010452577404939,3.3184580350038284,-7.6189006156368295
2023-12-29,0.31390647932216753,0.10183125434502074,3.082614285184013,-7.6189006156368295
2024-01-02,0.3012079706409965,0.1018208691062658,2.958214492616828,-7.6189006156368295
2024-01-03,0.2367898705864577,0.10486249040730289,2.2580988651588143,-7.6189006156368295
2024-01-04,0.21020374948297074,0.10442286726034793,2.0130049576103772,-7.6189006156368295
2024-01-05,0.20365848879049261,0.10441217470503272,1.9505243460911859,-7.6189006156368295
2024-01-08,0.2681208511471522,0.10262411678355103,2.6126495364891418,-7.6189006156368295
2024-01-09,0.25552371192007955,0.10321569630283653,2.475628427389269,-7.6189006156368295
2024-01-10,0.22430161829626438,0.10210892759832549,2.196689589950632,-7.6189006156368295
2024-01-11,0.19377241260132355,0.10199957104194556,1.8997375245983927,-7.6189006156368295
2024-01-12,0.23939165741768426,0.0994889439584626,2.4062136745328417,-7.6189006156368295
2024-01-15,0.2731524781894178,0.09772729845833984,2.7950478781101262,-7.6189006156368295
2024-01-16,0.2673219147391848,0.09810772158478093,2.7247795629233473,-7.6189006156368295
2024-01-17,0.27011257910477393,0.09791957344235848,2.758514662686709,-7.571541807619009
2024-01-18,0.2627382316357421,0.09775056802122072,2.6878435282207684,-7.571541807619009
2024-01-19,0.2991210492595664,0.09697893398384241,3.084392011458929,-7.571541807619009
2024-01-22,0.31524872859594794,0.09747173652451117,3.234257845777401,-7.571541807619009
2024-01-23,0.3439963083243522,0.09602878708290524,3.582220694169211,-6.959722889733526
2024-01-24,0.3145799874041372,0.096281917472925,3.2672800424087813,-6.355940504582246
2024-01-25,0.311273034225986,0.09617623529896782,3.236485949552723,-5.99713571032081
2024-01-26,0.3000447548801366,0.096129927886739,3.1212418595970606,-4.992933133540926
2024-01-29,0.2666451867077738,0.09376165274764409,2.843861844302587,-4.992933133540926
2024-01-30,0.2054538510259359,0.09107673013751558,2.2558325350034396,-4.992933133540926
2024-01-31,0.18522609826142375,0.09282269959421492,1.995482775992951,-4.992933133540926
2024-02-01,0.22613281128715615,0.0934299460678695,2.420346160993055,-4.992933133540926
2024-02-02,0.22032234760988215,0.09384429684895425,2.3477436030502616,-4.992933133540926
2024-02-05,0.2192762305206704,0.09392794513410033,2.3345153586359326,-4.633379356031348
2024-02-06,0.21419431356976404,0.09371263641300408,2.2856502790699555,-4.633379356031348
2024-02-07,0.21246517284418537,0.09376203252317801,2.2660043423404232,-2.914429192769902
2024-02-08,0.13166061455218028,0.08161512181914835,1.6131889730426205,-2.914429192769902
2024-02-09,0.13632732180227525,0.08173237977954154,1.6679720102362587,-2.914429192769902
2024-02-12,0.18475466669747276,0.08179003431276059,2.2588897076504586,-2.914429192769902
2024-02-13,0.10105215015404434,0.08763742243461495,1.1530707698464995,-2.914429192769902
2024-02-14,0.11743916808376816,0.0885038779070293,1.3269381055498441,-2.914429192769902
2024-02-15,0.17688704454404558,0.08977053292824559,1.970435495636781,-2.914429192769902
2024-02-16,0.15899470091636667,0.08993323172443475,1.767919353810656,-2.914429192769902
2024-02-19,0.1589477374529322,0.0899335689462554,1.7673905229750184,-2.914429192769902
2024-02-20,0.13402229067543625,0.0900699668075284,1.487979794217423,-2.914429192769902
2024-02-21,0.14144504703006475,0.08998390469123248,1.5718927458795455,-2.914429192769902
2024-02-22,0.15346999791391816,0.08994966704772868,1.706176386761772,-2.914429192769902
2024-02-23,0.15323228823716126,0.08994698428208205,1.7035844999162024,-2.914429192769902
2024-02-26,0.14164437984039688,0.08996838456041224,1.5743794948911758,-2.914429192769902
2024-02-27,0.09634799284309142,0.08593559880255609,1.1211650839189313,-2.914429192769902
2024-02-28,0.0813574131387018,0.08619200933312943,0.9439089976920939,-2.914429192769902
2024-02-29,0.123642844653733,0.08541564276896177,1.4475433380296727,-2.914429192769902
2024-03-01,0.13375632104409999,0.08546171724919517,1.5651021925300668,-2.914429192769902
2024-03-04,0.10690007548667334,0.08512796598846831,1.2557574264273428,-2.914429192769902
2024-03-05,0.09192325293577928,0.08531137615113817,1.0775028733908532,-2.914429192769902
2024-03-06,0.0996931507103593,0.0854923198597451,1.166106509612927,-2.914429192769902
2024-03-07,0.1190965293203119,0.08575245787836022,1.388840999627675,-2.914429192769902
2024-03-08,0.05875254302369562,0.08002854298689663,0.7341448542092712,-2.914429192769902
2024-03-11,0.019908070369105066,0.07759081274217623,0.25657767544279875,-2.914429192769902
2024-03-12,0.04373179759049983,0.07647700638874533,0.5718293596405152,-2.914429192769902
2024-03-13,0.0453802737717464,0.07647980369559554,0.5933628432464171,-2.914429192769902
2024-03-14,-0.01626679246247329,0.076372215420682,-0.21299359162060078,-2.914429192769902
2024-03-15,0.026297732310719413,0.07461911194246225,0.35242623003872287,-2.914429192769902
2024-03-18,-0.013700248557228888,0.0729528849934722,-0.18779584328234286,-2.914429192769902
2024-03-19,-0.01615822481779352,0.07286244613729151,-0.22176341413719883,-2.914429192769902
2024-03-20,-0.007572032017812713,0.07356547075332022,-0.10292915875170915,-2.914429192769902
2024-03-21,0.006135717501844696,0.07392831623351002,0.08299549907865364,-2.914429192769902
2024-03-22,-0.01404505653814432,0.07461065425019782,-0.18824465057022444,-2.914429192769902
2024-03-25,0.006678298264079818,0.07391795246208548,0.09034744661664294,-2.914429192769902
2024-03-26,0.002939891224170066,0.07395258428773589,0.039753732103958536,-2.914429192769902
2024-03-27,0.09346399060932721,0.07293211366930838,1.2815203880298227,-2.914429192769902
2024-03-28,0.10776605808570261,0.07307690224255962,1.4746938468738238,-2.914429192769902
2024-04-01,0.09122683635107412,0.07357102147855965,1.2399832776232391,-2.914429192769902
2024-04-02,0.0352432609258005,0.07443957502018914,0.4734479061203935,-2.914429192769902
2024-04-03,0.06333390702512738,0.07364290702538404,0.8600136738667413,-2.914429192769902
2024-04-04,0.041641211393599574,0.07423279671678092,0.5609543656622902,-2.914429192769902
2024-04-05,0.059075693079578454,0.07409659095451612,0.7972795012369978,-2.914429192769902
2024-04-08,0.06734161381630256,0.07427466243472104,0.9066566122126527,-2.914429192769902
2024-04-09,0.08011170926660062,0.07448490403922592,1.075542894227419,-2.914429192769902
2024-04-10,0.053721319440901284,0.07776752196320935,0.6907937669187406,-2.914429192769902
2024-04-11,0.07710463072289471,0.0769760268247304,1.0016707006514787,-2.914429192769902
2024-04-12,0.03262831995133755,0.07879277397113967,0.41410294760390975,-2.914429192769902
2024-04-15,-0.001805738099794385,0.07912314824934656,-0.022821868691369946,-3.101170509866985
2024-04-16,-0.04340119838441898,0.07847999014440979,-0.5530224749589943,-3.4735911964582575
2024-04-17,-0.05061781004679991,0.0785470611342725,-0.644426529978902,-3.643787228582279
2024-04-18,-0.03454272914411956,0.07835405723589617,-0.44085437771427327,-3.643787228582279
2024-04-19,-0.0281426405623606,0.07874832452271092,-0.3573744677481271,-3.643787228582279
2024-04-22,-0.013752581931288123,0.07913065684195514,-0.17379587735200616,-3.643787228582279
2024-04-23,-0.010109159823466206,0.07932938288981042,-0.12743272990674798,-3.643787228582279
2024-04-24,0.0021020865390120047,0.07918980898059536,0.02654491235768859,-3.643787228582279
2024-04-25,0.02916938140125882,0.07697700895273697,0.37893627978151884,-3.643787228582279
2024-04-26,0.007845990487568266,0.0757177756191957,0.10362151322336494,-3.643787228582279
2024-04-29,0.04981968370959051,0.07487336216685961,0.6653859566044926,-3.643787228582279
2024-04-30,0.0446527832961934,0.07539346745660727,0.5922632928627845,-3.643787228582279
2024-05-01,0.03171999137514187,0.07496089232923213,0.42315386582947845,-3.643787228582279
2024-05-02,0.055236394953700294,0.07516307307097364,0.7348873947921563,-3.643787228582279
2024-05-03,0.05247059184000196,0.07503264917209955,0.6993034688093199,-3.643787228582279
2024-05-06,0.05860044252463674,0.0753323548030685,0.777892084720147,-3.643787228582279
2024-05-07,0.037269309519518234,0.0742393046878177,0.5020158752326508,-3.643787228582279
2024-05-08,0.1022792025639253,0.0669786928462625,1.5270408874459338,-3.643787228582279
2024-05-09,0.09298345003435889,0.06620225123946454,1.404536073826588,-3.643787228582279
2024-05-10,0.04662504200583091,0.06348838408398494,0.7343869698140918,-3.643787228582279
2024-05-13,0.06375146008537458,0.06336559231927248,1.006089547212908,-3.643787228582279
2024-05-14,0.08536948364683396,0.06414761951602446,1.3308285528118178,-3.643787228582279
2024-05-15,0.10436307236356646,0.06385014348423049,1.6345002010738117,-3.643787228582279
2024-05-16,0.10017278208033248,0.06388356134295374,1.5680525627330477,-3.643787228582279
2024-05-17,0.0927406329581452,0.06382470291027262,1.453052325030385,-3.643787228582279
2024-05-20,0.08205592541074802,0.06383157056367712,1.2855069158746555,-3.643787228582279
2024-05-21,0.08368541061353792,0.06380319796550847,1.31161780728887,-3.643787228582279
2024-05-22,0.0572874604753675,0.06407299860685622,0.8940967602730142,-3.643787228582279
2024-05-23,0.03100331305642665,0.06660278880030245,0.4654957189463193,-3.643787228582279
2024-05-24,0.028027438015446406,0.06644719842606123,0.42180014627153606,-3.643787228582279
2024-05-28,0.012611762742207676,0.06640433593369913,0.18992378381435496,-3.643787228582279
2024-05-29,-0.012726222778885778,0.0682013038588665,-0.18659793961155052,-3.643787228582279
2024-05-30,0.021016413593407314,0.0689945830363831,0.30460961815400306,-3.643787228582279
2024-05-31,0.03771597393009066,0.07024652475991028,0.5369087518421293,-3.643787228582279
2024-06-03,0.011456582119354497,0.06999931554453162,0.1636670591738306,-3.643787228582279
2024-06-04,-0.02105298494645362,0.07137925995597438,-0.29494540794397106,-3.643787228582279
2024-06-05,-0.010627776308445469,0.07163117388730665,-0.14836803212475003,-3.643787228582279
2024-06-06,-0.011758298172349435,0.07164191383893927,-0.16412596401016985,-3.643787228582279
2024-06-07,-0.03459097247623106,0.07232753688277184,-0.4782545344008598,-3.643787228582279
2024-06-10,-0.005943624713852614,0.07083831607477596,-0.08390409376161066,-3.643787228582279
2024-06-11,-0.024297495795885915,0.07086347130599756,-0.3428775834444549,-3.643787228582279
2024-06-12,-0.001136612746252652,0.07122602364384463,-0.015957829569935265,-3.643787228582279
2024-06-13,-0.027766323945505735,0.07153971518323053,-0.38812460846942787,-3.643787228582279
2024-06-14,-0.08107389393553616,0.07097702528918565,-1.1422554496361643,-3.643787228582279
2024-06-17,-0.0817962230582373,0.07093783419223469,-1.153069077871442,-3.643787228582279
2024-06-18,-0.058392991876289276,0.07032348086408229,-0.830348429269995,-3.643787228582279
2024-06-19,-0.05842395781872978,0.07032337359533908,-0.8307900322717456,-3.643787228582279
2024-06-20,-0.05079998791073021,0.07032611429187216,-0.7223488518062677,-3.643787228582279
2024-06-21,-0.09056255967572226,0.0669681308625508,-1.3523232395659663,-3.643787228582279
2024-06-24,-0.08642970690624548,0.06719817849992842,-1.2861912158279343,-3.643787228582279
2024-06-25,-0.09037541828500105,0.06742751042154152,-1.3403344972993132,-3.643787228582279
2024-06-26,-0.06237475342663243,0.06575715263393421,-0.9485622617187917,-3.643787228582279
2024-06-27,-0.057763473014730636,0.06591828200587214,-0.876289115204564,-3.643787228582279
2024-06-28,-0.02749565950973962,0.06564745876302762,-0.41883813978226775,-3.643787228582279
2024-07-01,-0.05346316526546244,0.06613844423443388,-0.8083523264617061,-3.643787228582279
2024-07-02,-0.06322829965111042,0.06585624993371621,-0.9600956585707385,-3.643787228582279
2024-07-03,-0.07061458370473853,0.06558157063638222,-1.0767443203863156,-3.643787228582279
2024-07-04,-0.01930759341992598,0.06070541728786008,-0.3180538785916085,-3.643787228582279
2024-07-05,-0.030140262694314978,0.06083656561437111,-0.4954300491807364,-3.643787228582279
2024-07-08,0.013007869658584026,0.05860682861820849,0.22195143407815493,-3.643787228582279
2024-07-09,0.023101587479745313,0.05796347250696349,0.39855423563469194,-3.643787228582279
2024-07-10,0.06250522602184405,0.058430074768568485,1.0697440704879557,-3.643787228582279
2024-07-11,0.12607605752313353,0.0641578459891863,1.9650918072340435,-3.5649177177849047
2024-07-12,0.14098222706976055,0.06464348489034956,2.1809193503243107,-3.044562643878827
2024-07-15,0.1296250105153337,0.06401384073005144,2.024952870145174,-2.992192423657408
2024-07-16,0.17083538758588024,0.06905432691595093,2.4739273441012832,-2.992192423657408
2024-07-17,0.14794675542888003,0.06862200983388662,2.1559665155103285,-2.992192423657408
2024-07-18,0.11452973021441278,0.07055200574657808,1.6233376925640093,-2.992192423657408
2024-07-19,0.10952265732977767,0.07084250621097386,1.546002014717148,-2.992192423657408
2024-07-22,0.1294550054750959,0.07194050930868967,1.7994730190137682,-2.992192423657408
2024-07-23,0.11998846876383291,0.07167239072760027,1.6741239903642091,-2.992192423657408
2024-07-24,0.12079525939939949,0.07157792932959277,1.6876048319751908,-2.992192423657408
2024-07-25,0.13487273207800843,0.07202716285595037,1.8725259572939879,-2.992192423657408
2024-07-26,0.15233772430718587,0.07327784509379628,2.0789056243697157,-2.992192423657408
2024-07-29,0.13010676392351642,0.07322853365765561,1.7767222341466962,-2.992192423657408
2024-07-30,0.12157706859338195,0.07286635942699592,1.6684937953458319,-2.992192423657408
2024-07-31,0.12288430289925563,0.07288623717281294,1.6859740283737998,-2.992192423657408
2024-08-01,0.0798712547481296,0.0759781539509073,1.051239739251072,-2.992192423657408
2024-08-02,0.0024001378509064253,0.08064205172392051,0.029762856966032307,-2.992192423657408
2024-08-05,-0.05551607467112647,0.0864907971050214,-0.641872621473428,-3.8476724308302046
2024-08-06,-0.03849550867142697,0.08729228494900278,-0.4409955438091295,-3.8476724308302046
2024-08-07,-0.07558714362530537,0.08688164200804474,-0.8700013245411089,-3.8476724308302046
2024-08-08,-0.04896437747327193,0.08844697056253983,-0.5536015214749473,-3.8476724308302046
2024-08-09,-0.04655158795305971,0.08844372137789211,-0.5263413527587727,-3.8476724308302046
2024-08-12,-0.06371360879228871,0.08880392490746213,-0.7174638830286082,-3.8476724308302046
2024-08-13,-0.0320005098159087,0.0898867376124453,-0.35600924748077695,-3.8476724308302046
2024-08-14,-0.03174249130361364,0.08988553305261636,-0.3531434951276588,-3.8476724308302046
2024-08-15,0.01649179049113427,0.09111423738040822,0.18100124596642245,-3.8476724308302046
2024-08-16,0.06120467925911377,0.08911154209384385,0.6868322309433136,-3.8476724308302046
2024-08-19,0.06857423113311618,0.08943080173141754,0.7667853782532476,-3.8476724308302046
2024-08-20,0.05663342865598695,0.08987005432092217,0.6301701838718309,-3.8476724308302046
2024-08-21,0.10840769123915402,0.0887653090981819,1.2212844447964013,-3.8476724308302046
2024-08-22,0.06924898290340235,0.08849346376017568,0.7825321776427759,-3.8476724308302046
2024-08-23,0.08693576284129392,0.09031071059981435,0.9626295958020358,-3.8476724308302046
2024-08-26,0.09775057514014394,0.09013293368269615,1.0845156275980645,-3.8476724308302046
2024-08-27,0.12125085583257916,0.08893803372262869,1.3633183774978044,-3.8476724308302046
2024-08-28,0.10105241455555522,0.08893072772083387,1.1363048200029695,-3.8476724308302046
2024-08-29,0.11424092742007941,0.08897515935039284,1.2839642913162708,-3.8476724308302046
2024-08-30,0.14616825094633867,0.08837044787667882,1.65403994727193,-3.8476724308302046
2024-09-02,0.14751963272026924,0.08835876717620028,1.6695528631142347,-3.8476724308302046
2024-09-03,0.10872590953082363,0.09163215743100767,1.18654752413405,-3.8476724308302046
2024-09-04,0.08941377377661248,0.0913943376531295,0.9783294684618878,-3.8476724308302046
2024-09-05,0.09638024715080566,0.09111534108461801,1.057782871726268,-3.8476724308302046
2024-09-06,0.09084246769580416,0.09153794182652047,0.9924023403100503,-3.8476724308302046
2024-09-09,0.08188264833720084,0.09134191288780108,0.896441138010549,-3.8476724308302046
2024-09-10,0.07719158671652833,0.09135180145642943,0.8449924958879451,-3.8476724308302046
2024-09-11,0.07666136572073558,0.0913539517565249,0.8391685772395728,-3.8476724308302046
2024-09-12,0.09202665212383809,0.09173122901969,1.003220529227671,-3.8476724308302046
2024-09-13,0.1265380488169073,0.0933849938894255,1.3550147999874302,-3.8476724308302046
2024-09-16,0.12156531293221672,0.09323712768381856,1.303829450264313,-3.8476724308302046
2024-09-17,0.14659811316503843,0.09262910215546592,1.582635583782217,-3.8476724308302046
2024-09-18,0.14697225559965174,0.09262329419539012,1.5867742221477434,-3.8476724308302046
2024-09-19,0.16052227296093483,0.09315374678958271,1.7231971712691847,-3.8476724308302046
2024-09-20,0.12979427504243948,0.09361511513689298,1.3864670769527108,-3.8476724308302046
2024-09-23,0.1555215186936336,0.09305997651464046,1.6711966252126285,-3.8476724308302046
2024-09-24,0.16249856162979634,0.09311188260534561,1.7451968221773146,-3.8476724308302046
2024-09-25,0.13647951742789516,0.0938005596864268,1.454996834604646,-3.8476724308302046
2024-09-26,0.16038557060922018,0.09439104085710727,1.6991609495229312,-3.8476724308302046
2024-09-27,0.18215497948858358,0.09434430012108215,1.930747053662008,-3.8476724308302046
2024-09-30,0.17483152099894228,0.09430578655772433,1.8538790394577576,-3.8476724308302046
2024-10-01,0.1709735649023765,0.09445232945039608,1.810157207315542,-3.8476724308302046
2024-10-02,0.134588396050298,0.094216757375609,1.4284974329326734,-3.8476724308302046
2024-10-03,0.06399167990587756,0.0906641366829256,0.7058102822913533,-3.8476724308302046
2024-10-04,0.06706633709950975,0.0908182885582295,0.7384673083385531,-3.8476724308302046
2024-10-07,0.036275620631369465,0.09122381110645947,0.3976551756759571,-3.8476724308302046
2024-10-08,-0.02603241535705909,0.08690797584790703,-0.29954000312488027,-3.8476724308302046
2024-10-09,-0.01451119613040306,0.08699397482452832,-0.16680691001500908,-3.8476724308302046
2024-10-10,0.008191650331263277,0.08573911998715977,0.09554157230083599,-3.8476724308302046
2024-10-11,0.05420149376765353,0.08637453997631253,0.6275170181226761,-3.8476724308302046
2024-10-14,0.03558362614683561,0.0854224153557777,0.41656075865605746,-3.8476724308302046
2024-10-15,0.027710827053755296,0.08539382450857531,0.3245062182567143,-3.8476724308302046
2024-10-16,0.08650630185048319,0.08476153392552593,1.020584430745322,-3.8476724308302046
2024-10-17,0.06597133142742823,0.08434434927902591,0.7821665824841861,-3.8476724308302046
2024-10-18,0.037879263189738555,0.08290451079666851,0.4569023184111319,-3.8476724308302046
2024-10-21,0.0171176599217151,0.08404450700695905,0.20367375015118744,-3.8476724308302046
2024-10-22,-0.00192770976416754,0.08399000653959013,-0.02295165631709864,-3.8476724308302046
2024-10-23,-0.018964641067799246,0.08404288142703503,-0.2256543415192649,-3.8476724308302046
2024-10-24,0.024384554156406568,0.08147012924435137,0.2993066831067687,-3.8476724308302046
2024-10-25,0.07166098517929985,0.07644182459782302,0.9374578060678667,-3.8476724308302046
2024-10-28,0.16115370633798176,0.07009884802475481,2.2989494246905697,-3.641176517105553
2024-10-29,0.1304015426534524,0.0693706594448882,1.879779487422207,-3.641176517105553
2024-10-30,0.14517595410781073,0.06883101745136902,2.1091647266493116,-3.2704266835908857
2024-10-31,0.07731235946779628,0.06936012579912972,1.1146513732067993,-3.2704266835908857
2024-11-01,0.0739965858395407,0.06939484554917294,1.0663124221107603,-3.2704266835908857
2024-11-04,0.09053592274325852,0.06879884369998694,1.3159512264197502,-2.6829415536594388
2024-11-05,0.09379203510212675,0.06911611438296231,1.357021237948053,-2.6829415536594388
2024-11-06,0.16491939741950365,0.07651270676672225,2.155451092879545,-2.47003555559551
2024-11-07,0.13257601681736766,0.07497627074874386,1.7682396776127842,-2.47003555559551
2024-11-08,0.12962475768512732,0.07495078165789658,1.7294650545044779,-2.47003555559551
2024-11-11,0.1245146171523352,0.07468509322637987,1.667195042187546,-2.47003555559551
2024-11-12,0.11432316714231955,0.07552729009765788,1.51366700691231,-2.47003555559551
2024-11-13,0.08482266709338453,0.07524478031991036,1.1272897167451732,-2.47003555559551
2024-11-14,0.08176504722669345,0.07542633764052194,1.084038411309077,-2.47003555559551
2024-11-15,0.01727903975707512,0.07225156044276079,0.2391510944703255,-2.47003555559551
2024-11-18,0.024969525989760058,0.0723626694831899,0.3450608741785095,-2.47003555559551
2024-11-19,0.03002889603911838,0.07230923075016318,0.4152844073652466,-2.47003555559551
2024-11-20,0.043584360883683226,0.07222068439631596,0.603488616149233,-2.47003555559551
2024-11-21,0.06401151282992967,0.07350654975834496,0.8708273349840182,-2.47003555559551
2024-11-22,0.0824227673993282,0.07466086063337793,1.1039621925075993,-2.47003555559551
2024-11-25,0.10923315201354526,0.07567789775997222,1.4433956973804998,-2.47003555559551
2024-11-26,0.1478425376349833,0.07168619584157868,2.062357137233292,-2.47003555559551
2024-11-27,0.15723587581951728,0.07164823082670058,2.1945535012557693,-2.47003555559551
2024-11-28,0.16730435743041952,0.0713846480132563,2.343702211704549,-2.47003555559551
2024-11-29,0.2028145377097326,0.06951473935508082,2.917576036267033,-2.402903455063848
2024-12-02,0.19826237643413896,0.06952102608659687,2.851833288351917,-2.402903455063848
2024-12-03,0.1784481244876142,0.07053916471753852,2.5297737108481204,-2.402903455063848
2024-12-04,0.17923957312209282,0.07053074762068531,2.5412969402514216,-1.975997934244122
2024-12-05,0.14885184221892694,0.07048446417348311,2.111839026718832,-1.796971362408585
2024-12-06,0.10156232481972687,0.06856355722238582,1.481287274671435,-1.796971362408585
2024-12-09,0.09836401634422635,0.06847568171280541,1.4364810087875566,-1.796971362408585
2024-12-10,0.08673089300058999,0.06855504389240814,1.2651278166593758,-1.796971362408585
2024-12-11,0.09648021671464092,0.06855652379186156,1.4073090550442149,-1.796971362408585
2024-12-12,0.05300565901004912,0.06834542708425413,0.7755553117651218,-1.796971362408585
2024-12-13,0.05909804857806971,0.0679856820071886,0.8692719824715571,-1.796971362408585
2024-12-16,0.042120812966543644,0.06813117122094794,0.6182311592728494,-1.8206537888177374
2024-12-17,0.01654156747930886,0.06851911543552923,0.24141536816646583,-2.208239152328085
2024-12-18,-0.03394503884313221,0.07625884541652989,-0.44512919986819355,-3.8665239335384314
2024-12-19,-0.06567959037256112,0.07534769603613714,-0.871686777802215,-4.042970418924507
2024-12-20,-0.06331488811933605,0.07546280676514268,-0.8390211129621286,-4.042970418924507
2024-12-23,-0.06130987391686238,0.07548469541603169,-0.8122159542269437,-4.042970418924507
2024-12-24,-0.02964747481443748,0.07576206829747495,-0.3913234614718879,-4.042970418924507
2024-12-26,-0.006627433046163377,0.07566551993537042,-0.08758854828228482,-4.042970418924507
2024-12-27,-0.00967310102887229,0.07581953170144555,-0.12758059581483627,-4.042970418924507
2024-12-30,-0.041378623077677874,0.0752104558074536,-0.5501711515166369,-4.042970418924507
2024-12-31,-0.016201789040952732,0.07468853503212947,-0.21692471319705303,-4.042970418924507
2025-01-02,-0.014263942178616706,0.07466109627403317,-0.19104919282544272,-4.042970418924507
2025-01-03,-0.013371101348652138,0.07468651473532942,-0.1790296601205187,-4.042970418924507
2025-01-06,-0.012229768353716364,0.0746582669195461,-0.1638099685182287,-4.042970418924507
2025-01-07,-0.05050526914935574,0.0734293531073377,-0.6878076274964325,-4.042970418924507
2025-01-08,-0.06567394292069557,0.07328086443870589,-0.8961949811007899,-4.042970418924507
2025-01-09,-0.06354264751591329,0.07328096655474041,-0.8671098445248718,-4.042970418924507
2025-01-10,-0.12865032176114996,0.07421751949101973,-1.7334225482531325,-4.770573165761329
2025-01-13,-0.11039982776846087,0.07476417022225668,-1.4766408486881828,-4.770573165761329
2025-01-14,-0.09387396446233033,0.07553550248223752,-1.2427793736383124,-4.770573165761329
2025-01-15,-0.0382288582697637,0.07554818324306618,-0.5060195577009107,-4.770573165761329
2025-01-16,-0.017171672460069343,0.07572258115351198,-0.22677082844359603,-4.770573165761329
2025-01-17,0.001703977495956144,0.07571034349033562,0.022506535004343967,-4.770573165761329
2025-01-20,0.00027885726047536256,0.07570712588505833,0.0036833687346516774,-4.770573165761329
2025-01-21,0.04290830520807913,0.07715361653891481,0.5561412041707339,-4.770573165761329
2025-01-22,-0.006073564840490198,0.07708583513259466,-0.07878963534666406,-4.770573165761329
2025-01-23,0.008382268607928524,0.07713494746341829,0.10867017977686269,-4.770573165761329
2025-01-24,0.009523002767645216,0.07713380507487791,0.12346081926595903,-4.770573165761329
2025-01-27,0.053310404750244976,0.07533522051599854,0.707642512826039,-4.770573165761329
2025-01-28,0.041966642766938955,0.07569396879362501,0.5544251865212464,-4.770573165761329
2025-01-29,0.0311972472576028,0.07592226599633795,0.4109103811404625,-4.770573165761329
2025-01-30,0.024924735506464877,0.07537396767942572,0.3306809535683817,-4.770573165761329
2025-01-31,-0.0629346481894173,0.06783384394300881,-0.9277765276326133,-4.770573165761329
2025-02-03,-0.08805223237843414,0.06873630608434991,-1.2810149016500922,-4.770573165761329
2025-02-04,-0.08237191607922141,0.06888908189053514,-1.1957180124727242,-4.770573165761329
2025-02-05,-0.08127389257235748,0.06895674518711872,-1.178621356791353,-4.770573165761329
2025-02-06,-0.05539241312033565,0.06761142860079833,-0.8192758867349477,-4.770573165761329
2025-02-07,-0.06356693192665722,0.06799690361261818,-0.9348503909648779,-4.770573165761329
2025-02-10,-0.03972759717758372,0.06749975921154679,-0.5885590947528558,-4.770573165761329
2025-02-11,-0.020567609800353392,0.0670638692183914,-0.3066868947476861,-4.770573165761329
2025-02-12,-0.04611917473612748,0.06740509997933589,-0.6842089804816853,-4.770573165761329
2025-02-13,-0.018455894587572155,0.06880192766796953,-0.268246765942929,-4.770573165761329
2025-02-14,-0.028894626400502443,0.06877926308410963,-0.42010665867657565,-4.770573165761329
2025-02-17,-0.05905031796881524,0.0670909536441279,-0.8801532063776767,-4.770573165761329
2025-02-18,-0.07265838756291573,0.06590662660308579,-1.1024443414543361,-4.770573165761329
2025-02-19,-0.10331803970748597,0.06443539622307033,-1.6034360889131023,-4.770573165761329
2025-02-20,-0.09571008275193875,0.06430513524478368,-1.4883738660623156,-4.770573165761329
2025-02-21,-0.13477166983665323,0.06598454174285963,-2.0424733775049253,-4.770573165761329
2025-02-24,-0.13659880839296443,0.06597546102639876,-2.070448713322475,-4.770573165761329
2025-02-25,-0.13741086704176955,0.06595341690708864,-2.083453344583284,-4.770573165761329
2025-02-26,-0.14459597507740532,0.06596852410359982,-2.1918934376995542,-4.770573165761329
2025-02-27,-0.14194936089733623,0.06579423385389312,-2.1574741825029538,-4.770573165761329
2025-02-28,-0.12588063093338864,0.06641486302946883,-1.895368373755952,-4.770573165761329
2025-03-03,-0.1432896734573568,0.0675774422104214,-2.1203772852364557,-4.770573165761329
2025-03-04,-0.16877380704059652,0.06938281967831589,-2.4325014149481614,-4.770573165761329
2025-03-05,-0.15100828995096838,0.07057470150144668,-2.13969434851769,-4.770573165761329
2025-03-06,-0.16080046232445075,0.07085976135356103,-2.2692775032380177,-4.770573165761329
2025-03-07,-0.14147144278909082,0.07207959467596155,-1.9627114084795398,-4.770573165761329
2025-03-10,-0.15486841958857106,0.0731227763923553,-2.1179231318788103,-4.770573165761329
2025-03-11,-0.1652373159227938,0.07364144675568414,-2.2438086594223474,-4.770573165761329
2025-03-12,-0.16659075418907396,0.0736768846879946,-2.2610993243613535,-4.770573165761329
2025-03-13,-0.1714423474176988,0.07393455992868965,-2.318839086660636,-4.770573165761329
2025-03-14,-0.0546593290949779,0.06962284980675304,-0.7850774457910259,-4.770573165761329
2025-03-17,-0.01907068311577145,0.07093480082054404,-0.2688480533556136,-4.770573165761329
2025-03-18,-0.04422048318493992,0.07065786407561403,-0.6258395121825034,-4.770573165761329
2025-03-19,-0.03222215727244706,0.07106795824218888,-0.4533992261693914,-4.770573165761329
2025-03-20,-0.06173126547384064,0.07068107102799771,-0.8733776183072843,-4.770573165761329
2025-03-21,-0.0882084489778848,0.07087064331858756,-1.2446401619547593,-4.770573165761329
2025-03-24,-0.03716190113218545,0.07243877843705096,-0.5130111514025462,-4.770573165761329
2025-03-25,-0.038886754468334096,0.0724993799350876,-0.5363736145488609,-4.770573165761329
2025-03-26,-0.04437993534786014,0.07243258791942483,-0.6127067473721785,-4.770573165761329
2025-03-27,-0.040720230679357323,0.07241897288890245,-0.5622867745145461,-4.770573165761329
2025-03-28,-0.0816404388196385,0.07383409231789109,-1.1057282111377134,-4.770573165761329
2025-03-31,-0.07326120487633096,0.07378475177418964,-0.9929044025320986,-4.770573165761329
2025-04-01,-0.05819532379930099,0.07372471905696396,-0.7893597228134017,-4.770573165761329
2025-04-02,-0.042520642583431245,0.07388361148431992,-0.5755084480738366,-4.770573165761329
2025-04-03,-0.1567637148452927,0.09234116998219083,-1.6976578797466675,-5.5617305118163705
2025-04-04,-0.2282510972566383,0.10482034564197248,-2.1775457413225827,-8.03565736010426
2025-04-07,-0.28903729438720094,0.10617838395919547,-2.72218584997751,-9.008687946634787
2025-04-08,-0.3651544899261831,0.1081663645121329,-3.375859876340987,-10.201764160360575
2025-04-09,-0.2322736870654914,0.13423783666247432,-1.7303145882000244,-10.201764160360575
2025-04-10,-0.3216447031388274,0.13858683163479893,-2.320889361165415,-10.201764160360575
2025-04-11,-0.2959918719358758,0.1397952458679816,-2.1173243059739066,-10.201764160360575
2025-04-14,-0.2674107218678642,0.14073245170209345,-1.9001354601135423,-10.201764160360575
2025-04-15,-0.3014280642240647,0.13955009369643956,-2.1599990099594986,-10.201764160360575
2025-04-16,-0.2937955780528813,0.1393517477799742,-2.1083020682077285,-10.201764160360575
2025-04-17,-0.2792273847602,0.1398668867731162,-1.996379494834586,-10.201764160360575
2025-04-21,-0.3132576282745213,0.1405531244625934,-2.228748947931721,-10.201764160360575
2025-04-22,-0.271928466887795,0.14302515088381376,-1.9012632757765493,-10.201764160360575
2025-04-23,-0.24121369371493118,0.14327932733668247,-1.6835205622379794,-10.201764160360575
2025-04-24,-0.19904852910181348,0.14422670390513892,-1.3801087018721032,-10.201764160360575
2025-04-25,-0.22833346033195562,0.14355846064347275,-1.5905259732411137,-10.201764160360575
2025-04-28,-0.20084002339254256,0.14348683948468188,-1.3997104132604683,-10.201764160360575
2025-04-29,-0.16999152958925812,0.14320362202794343,-1.1870616621420897,-10.201764160360575
2025-04-30,-0.18815369533810436,0.1431124778463904,-1.3147259985258513,-10.201764160360575
2025-05-01,-0.20459831109968152,0.1427844374932754,-1.4329174431864629,-10.201764160360575
2025-05-02,-0.17024041138523205,0.14379727548161558,-1.1838917727408347,-10.201764160360575
2025-05-05,-0.16895859155956383,0.14376529331105617,-1.1752390835665634,-10.201764160360575
2025-05-06,-0.1885459828091992,0.14381775513832615,-1.311006298407681,-10.201764160360575
2025-05-07,-0.18838937692478236,0.1438193305896715,-1.3099030300890004,-10.201764160360575
2025-05-08,-0.1410271385771065,0.1445658506107768,-0.9755217984142203,-10.201764160360575
2025-05-09,-0.163510233987722,0.1438564655523876,-1.136620682010133,-10.201764160360575
2025-05-12,-0.09818895116933073,0.1471011114130356,-0.6674929252820693,-10.201764160360575
2025-05-13,-0.09919815985196825,0.14709938745089698,-0.674361474721174,-10.201764160360575
2025-05-14,-0.1359395972223303,0.14712421672896364,-0.923978392168857,-10.201764160360575
2025-05-15,-0.11108580532443559,0.14755735241825813,-0.7528313805032076,-10.201764160360575
2025-05-16,-0.09215890110038606,0.1478288814565201,-0.6234160753458189,-10.201764160360575
2025-05-19,-0.06044277934274403,0.14700115146394035,-0.41117214893089293,-10.201764160360575
2025-05-20,-0.0625343086156437,0.1470074958948431,-0.42538176869821337,-10.201764160360575
2025-05-21,-0.12414462863716678,0.14947732642139458,-0.8305248134234628,-10.201764160360575
2025-05-22,-0.12207457586362928,0.14946582949697043,-0.8167390250632748,-10.201764160360575
2025-05-23,-0.11063587951556395,0.14925584010261725,-0.7412499198657749,-10.201764160360575
2025-05-27,-0.07656744228760554,0.1511746314400055,-0.5064834063643261,-10.201764160360575
2025-05-28,-0.07137971180735825,0.15096178353558937,-0.4728329921362543,-10.201764160360575
2025-05-29,-0.024463645243776932,0.15012252782338628,-0.16295785581600067,-10.201764160360575
2025-05-30,-0.06204703279480121,0.14966496275571647,-0.41457286763953255,-10.201764160360575
2025-06-02,-0.048541378192623406,0.14948301209510462,-0.32472839229209693,-10.201764160360575
2025-06-03,-0.05890104525945736,0.1491219817945214,-0.39498566576602,-10.201764160360575
2025-06-04,-0.034325311586200426,0.14834377807526267,-0.23139030184862472,-10.201764160360575
2025-06-05,-0.015755295804113903,0.14793980613429655,-0.10649801575251211,-10.201764160360575
2025-06-06,0.020695042054470925,0.14834353553020307,0.13950754227680767,-10.201764160360575
2025-06-09,0.06378073898982177,0.14830181469948503,0.43007389436916477,-10.201764160360575
2025-06-10,0.03282192557709536,0.14681447188744198,0.22356056017596748,-10.201764160360575
2025-06-11,-0.007666596775762935,0.1463177654245814,-0.052396896258743345,-10.201764160360575
2025-06-12,0.0011189368318207827,0.14623872184436237,0.007651440177462948,-10.201764160360575
2025-06-13,-0.05025940829954976,0.14707971217559992,-0.3417154382213133,-10.201764160360575
2025-06-16,-0.019058970966488096,0.1473095426345201,-0.1293804231934522,-10.201764160360575
2025-06-17,-0.02313542369969315,0.14743189190517897,-0.15692278923323272,-10.201764160360575
2025-06-18,-0.052345562454115674,0.14648892932949517,-0.35733459650302757,-10.201764160360575
2025-06-19,-0.04038151593695944,0.14638493333462702,-0.27585841668998656,-10.201764160360575
2025-06-20,-0.049303067166729164,0.1464367924412123,-0.33668497066078595,-10.201764160360575
2025-06-23,-0.03135333972099743,0.14672306554266668,-0.21369059871421486,-10.201764160360575
2025-06-24,0.020421806040062183,0.1462141919041158,0.13967047777040942,-10.201764160360575
2025-06-25,-0.003613010968238806,0.1466534876250337,-0.02463637944619918,-10.201764160360575
2025-06-26,0.02037551098546153,0.1473283374095366,0.13830001304380848,-10.201764160360575
2025-06-27,0.011293303115885766,0.1472494621204624,0.07669503815672277,-10.201764160360575
2025-06-30,0.12758336580645568,0.13586121220139558,0.9390713047468683,-10.201764160360575
2025-07-01,0.27552394876760866,0.12503854454848667,2.2035121231019104,-10.201764160360575
2025-07-02,0.3317878393355979,0.12268846057392062,2.704311699596993,-10.201764160360575
2025-07-03,0.3958829899193521,0.1189522714021461,3.328082644012544,-8.49046571538414
2025-07-04,0.23618774286585323,0.09156254497487834,2.579523569715708,-8.49046571538414
2025-07-07,0.2848788483407253,0.08394305004143754,3.3937157179790116,-7.733136733926428
2025-07-08,0.26709932719138674,0.08284507884494882,3.224081996364376,-7.614312862670343
2025-07-09,0.24311103379890942,0.08197498465274312,2.9656734286533863,-7.614312862670343
2025-07-10,0.2547529997340158,0.08197636670816306,3.1076395547138578,-7.614312862670343
2025-07-11,0.2520859965508581,0.08214687688037074,3.068722830667892,-7.614312862670343
2025-07-14,0.23033296012548354,0.08163228203423517,2.8215915858984055,-7.614312862670343
2025-07-15,0.22201076771249292,0.08265181449254874,2.6860967188144156,-6.460395737760417
2025-07-16,0.18363353398170337,0.07941284936089266,2.3123906957069194,-6.1046387355844285
2025-07-17,0.17992797239028172,0.07928743744211499,2.269312493818972,-5.41712087331585
2025-07-18,0.13909797916982156,0.07832403360427298,1.7759297212986365,-5.314785711647599
2025-07-21,0.1451681575590669,0.07824936489876153,1.855199179531801,-5.1703495479536485
2025-07-22,0.1724199892030134,0.07988552478610472,2.1583383180453755,-5.1703495479536485
2025-07-23,0.19039914897543275,0.08058353511366088,2.3627549809881128,-5.1703495479536485
2025-07-24,0.17532066399059473,0.08147053479495941,2.1519517998971307,-5.164919659738458
2025-07-25,0.18165484649725375,0.0814794576547566,2.2294557637700367,-5.164919659738458
2025-07-28,0.13472979233607044,0.08072270157811559,1.6690446392665887,-5.164919659738458
2025-07-29,0.14751987606804598,0.08022400276512474,1.8388496083889787,-5.164919659738458
2025-07-30,0.13331575789418426,0.08123816289924127,1.6410484079943342,-5.099155948346693
2025-07-31,0.1114331729096496,0.08189220033794879,1.3607299895447007,-4.41400687143325
2025-08-01,0.054786781015871706,0.08178928424965586,0.6698527994038808,-4.299924517121035
2025-08-04,0.0741720473402495,0.0825678248850655,0.8983165953989591,-3.341035558762361
2025-08-05,0.02426415168286362,0.07734614854815303,0.31370859620447167,-3.341035558762361
2025-08-06,0.02549661051978955,0.077342636940887,0.3296578902433417,-3.341035558762361
2025-08-07,0.04817852368935222,0.0766282731430281,0.6287303851859758,-3.230383565798478
2025-08-08,0.03018303469472332,0.07598172541179317,0.39724071190990085,-3.230383565798478
2025-08-11,0.006271382016266336,0.07565635021832576,0.08289300234770325,-3.230383565798478
2025-08-12,0.054158358094506594,0.07897619742613633,0.6857554536625925,-3.230383565798478
2025-08-13,0.0992274992035999,0.08133744277131878,1.2199485971372277,-3.230383565798478
2025-08-14,0.1332785984928545,0.0769821015734478,1.7312933236265942,-3.230383565798478
2025-08-15,0.13094661027035145,0.0770393883533521,1.6997358503126507,-3.230383565798478
2025-08-18,0.13559412152086497,0.07693061407335787,1.7625508798300764,-2.6172312086886476
2025-08-19,0.09609864343742468,0.0732713526920955,1.3115445519513629,-2.6172312086886476
2025-08-20,0.11655622731030664,0.0721966248764424,1.6144276482423028,-2.6172312086886476
2025-08-21,0.10567383262734618,0.07204155489830269,1.4668455279251043,-2.6172312086886476
2025-08-22,0.1815969037295772,0.07782916229970649,2.3332758359942165,-2.6172312086886476
2025-08-25,0.16325683100867758,0.07865410613554055,2.0756301104909327,-2.6172312086886476
2025-08-26,0.1492631434143392,0.07840330918127478,1.9037862683733253,-2.6172312086886476
2025-08-27,0.17212189511000367,0.07846054443302025,2.1937382203221865,-2.6172312086886476
2025-08-28,0.17055031410376667,0.0784997384203554,2.172622705957222,-2.6172312086886476
2025-08-29,0.14750310067836514,0.07772323930175429,1.8977991911234695,-2.6172312086886476
2025-09-01,0.1258716272844398,0.07714425244894382,1.6316397306169383,-2.6172312086886476
2025-09-02,0.08533702207508932,0.07808303975642297,1.092900869910993,-2.6172312086886476
2025-09-03,0.09507956088048576,0.07780336205090412,1.222049515267456,-2.6172312086886476
2025-09-04,0.11741211658475571,0.0783779828761318,1.4980242189992727,-2.6172312086886476
2025-09-05,0.16011560568697744,0.0761057724163877,2.1038562595614634,-2.6172312086886476
2025-09-08,0.13386897097162645,0.0757771079119358,1.7666149403221085,-2.6172312086886476
2025-09-09,0.14490791976879802,0.07515868437583485,1.9280262949279228,-2.6172312086886476
2025-09-10,0.1366621679971881,0.07521471200895849,1.8169605964975428,-2.6172312086886476
2025-09-11,0.1726938934041603,0.07697917056322612,2.243384699271601,-2.6172312086886476
2025-09-12,0.16140438794438727,0.07758584570270899,2.080332907149734,-2.6172312086886476
2025-09-15,0.1403457363498455,0.07726224181658675,1.8164854274227895,-2.6172312086886476
2025-09-16,0.11375652496044363,0.07689146811007609,1.4794427490653754,-2.6172312086886476
2025-09-17,0.13410785829743824,0.07593571235282785,1.7660709848130376,-2.6172312086886476
2025-09-18,0.12779130321624063,0.07545338198378324,1.69364579633695,-2.6172312086886476
2025-09-19,0.10756915959779191,0.07616815140115991,1.4122590297780788,-2.6172312086886476
2025-09-22,0.10884346534745705,0.07617173249720989,1.4289220131817784,-2.6172312086886476
2025-09-23,0.07386028885599065,0.07403991539300264,0.9975739229838589,-2.6172312086886476
2025-09-24,0.05601862785247809,0.07393349834967605,0.7576893979442478,-2.6172312086886476
2025-09-25,0.03014794203084825,0.074324623157048,0.40562522553455294,-2.6172312086886476
2025-09-26,0.050050518074906396,0.07492269789267514,0.6680287747593191,-2.6172312086886476
2025-09-29,0.09558433864259006,0.07396410181066833,1.2923071639166894,-2.6172312086886476
2025-09-30,0.09083550667429827,0.07376092417786843,1.2314854740059367,-2.6172312086886476
2025-10-01,0.08717709031768883,0.07374542903675246,1.1821355093648236,-2.6172312086886476
2025-10-02,0.06543869350226218,0.07389736812292466,0.8855348324910315,-2.6172312086886476
2025-10-03,0.09548152402751865,0.07339388266112629,1.30094662614288,-2.6172312086886476
